caller,callee,start_time,duration_sec,tower_id,tower_location
9429671756,6778528922,2026-06-01T00:00:03+05:30,210,T07,Hinjewadi
6586518506,6596401658,2026-06-01T00:18:49+05:30,111,T05,Kondhwa
7991241904,6531003309,2026-06-01T05:11:58+05:30,1756,T06,Yerwada
8690927557,9652775841,2026-06-01T05:29:43+05:30,292,T05,Kondhwa
9652775841,7799650752,2026-06-01T07:39:14+05:30,1017,T07,Hinjewadi
8650609835,9354549480,2026-06-01T08:46:27+05:30,1159,T07,Hinjewadi
9662702895,6469632595,2026-06-01T08:49:56+05:30,1742,T06,Yerwada
6537147321,9533963605,2026-06-01T09:23:23+05:30,456,T10,Baner
7729806990,9155188442,2026-06-01T09:49:59+05:30,1457,T02,Shivajinagar
7734670656,9652775841,2026-06-01T10:28:19+05:30,14,T04,Warje
7799650752,7067974034,2026-06-01T11:22:58+05:30,901,T05,Kondhwa
6586518506,9155188442,2026-06-01T12:16:35+05:30,1006,T03,Hadapsar
7584143842,8981829922,2026-06-01T12:24:48+05:30,1260,T09,Camp
7136783777,6143634957,2026-06-01T12:30:51+05:30,783,T04,Warje
8981829922,8710276773,2026-06-01T13:06:20+05:30,747,T08,Swargate
7947312172,8678669125,2026-06-01T13:28:08+05:30,900,T09,Camp
7067974034,9801824225,2026-06-01T13:53:26+05:30,781,T10,Baner
7947312172,8713493618,2026-06-01T14:06:52+05:30,1699,T06,Yerwada
7165585239,6469632595,2026-06-01T14:17:28+05:30,1307,T01,Kothrud
8900109439,6469632595,2026-06-01T14:19:52+05:30,184,T08,Swargate
9974801624,6537147321,2026-06-01T15:06:52+05:30,110,T08,Swargate
8713493618,6334123281,2026-06-01T15:15:43+05:30,765,T10,Baner
6334123281,9774964990,2026-06-01T15:16:49+05:30,218,T10,Baner
6596401658,8713493618,2026-06-01T15:29:19+05:30,274,T01,Kothrud
9774964990,7947312172,2026-06-01T16:15:52+05:30,1592,T03,Hadapsar
6778528922,7067974034,2026-06-01T16:48:30+05:30,513,T05,Kondhwa
7584143842,6469632595,2026-06-01T17:41:16+05:30,41,T01,Kothrud
9127484677,9533963605,2026-06-01T17:49:53+05:30,782,T07,Hinjewadi
9652775841,8512567468,2026-06-01T18:11:16+05:30,1495,T07,Hinjewadi
6778528922,6531003309,2026-06-01T18:39:13+05:30,637,T05,Kondhwa
7327193745,7067974034,2026-06-01T18:41:41+05:30,673,T09,Camp
8895782911,9165726284,2026-06-01T19:11:15+05:30,1689,T06,Yerwada
7067974034,8678669125,2026-06-01T19:13:46+05:30,290,T02,Shivajinagar
9652775841,9190659401,2026-06-01T19:22:48+05:30,623,T08,Swargate
7136783777,9873395004,2026-06-01T20:10:55+05:30,183,T02,Shivajinagar
9800025787,8925556258,2026-06-01T21:15:32+05:30,231,T01,Kothrud
8134352408,7584143842,2026-06-01T21:38:56+05:30,403,T04,Warje
7400842710,8658404499,2026-06-01T22:35:08+05:30,274,T08,Swargate
7136783777,9278755886,2026-06-01T23:00:48+05:30,1367,T03,Hadapsar
6596401658,6334123281,2026-06-01T23:07:35+05:30,554,T05,Kondhwa
7327193745,9631931491,2026-06-01T23:23:24+05:30,1738,T03,Hadapsar
9165726284,6531003309,2026-06-01T23:44:51+05:30,911,T03,Hadapsar
7136783777,6671902294,2026-06-01T23:46:15+05:30,18,T08,Swargate
7136783777,6537147321,2026-06-01T23:48:20+05:30,48,T07,Hinjewadi
6334123281,9429671756,2026-06-02T01:21:51+05:30,369,T05,Kondhwa
9127484677,7165585239,2026-06-02T01:53:06+05:30,1772,T03,Hadapsar
7327193745,6531003309,2026-06-02T02:55:03+05:30,154,T10,Baner
6334123281,6778528922,2026-06-02T02:56:50+05:30,741,T05,Kondhwa
8512567468,6586518506,2026-06-02T04:25:00+05:30,194,T07,Hinjewadi
6469632595,9278755886,2026-06-02T04:35:48+05:30,1679,T09,Camp
7242102499,7991241904,2026-06-02T04:44:43+05:30,248,T07,Hinjewadi
8685574443,7400842710,2026-06-02T05:00:05+05:30,863,T02,Shivajinagar
9354549480,7278774701,2026-06-02T05:08:27+05:30,1457,T04,Warje
8512567468,7067974034,2026-06-02T05:31:53+05:30,1064,T02,Shivajinagar
7482477109,8650609835,2026-06-02T06:09:51+05:30,470,T06,Yerwada
6715451680,9533963605,2026-06-02T07:05:37+05:30,647,T09,Camp
7136783777,9873395004,2026-06-02T08:00:17+05:30,668,T07,Hinjewadi
7400842710,9907844736,2026-06-02T08:03:13+05:30,586,T09,Camp
6671902294,9354549480,2026-06-02T08:36:06+05:30,1357,T08,Swargate
9354549480,8710276773,2026-06-02T08:42:44+05:30,160,T07,Hinjewadi
9278755886,9873395004,2026-06-02T09:07:11+05:30,1800,T06,Yerwada
7990490278,6596401658,2026-06-02T11:09:48+05:30,527,T08,Swargate
9603859770,6351823374,2026-06-02T12:07:21+05:30,912,T03,Hadapsar
7067974034,6627204653,2026-06-02T12:59:08+05:30,465,T07,Hinjewadi
8777520471,9354549480,2026-06-02T14:24:04+05:30,963,T04,Warje
7327193745,7729806990,2026-06-02T14:55:37+05:30,1402,T04,Warje
9556464170,7242102499,2026-06-02T15:33:29+05:30,1481,T09,Camp
6537147321,9278755886,2026-06-02T15:36:38+05:30,1682,T02,Shivajinagar
7248086131,8168784991,2026-06-02T16:18:10+05:30,1435,T01,Kothrud
9873395004,6537147321,2026-06-02T16:21:31+05:30,1105,T02,Shivajinagar
7278774701,9533963605,2026-06-02T16:23:23+05:30,622,T06,Yerwada
9533963605,9354549480,2026-06-02T17:37:05+05:30,572,T03,Hadapsar
9190659401,9801824225,2026-06-02T18:45:15+05:30,1203,T05,Kondhwa
6627204653,9801824225,2026-06-02T19:07:18+05:30,1330,T10,Baner
8685574443,8900109439,2026-06-02T19:07:37+05:30,1059,T08,Swargate
6531003309,7947312172,2026-06-02T21:23:47+05:30,1650,T01,Kothrud
7990490278,9169284511,2026-06-02T21:58:54+05:30,299,T09,Camp
6715451680,8134352408,2026-06-02T22:04:30+05:30,316,T07,Hinjewadi
8713493618,9769453147,2026-06-02T22:17:31+05:30,1000,T08,Swargate
8925556258,8650609835,2026-06-02T22:29:47+05:30,913,T06,Yerwada
9429671756,7947312172,2026-06-02T23:07:28+05:30,929,T10,Baner
7327193745,7991241904,2026-06-02T23:16:35+05:30,222,T07,Hinjewadi
6143634957,8658404499,2026-06-02T23:17:13+05:30,840,T06,Yerwada
9974801624,9907844736,2026-06-02T23:35:59+05:30,388,T09,Camp
9800025787,9974801624,2026-06-02T23:48:35+05:30,1080,T10,Baner
8710276773,9278755886,2026-06-03T04:21:32+05:30,68,T06,Yerwada
7482477109,8777520471,2026-06-03T04:45:54+05:30,901,T10,Baner
7734670656,7799650752,2026-06-03T04:54:39+05:30,228,T10,Baner
6586518506,8895782911,2026-06-03T05:34:33+05:30,1772,T06,Yerwada
7990490278,8512567468,2026-06-03T06:05:56+05:30,113,T02,Shivajinagar
6351823374,8710276773,2026-06-03T06:19:04+05:30,417,T06,Yerwada
7734670656,7991241904,2026-06-03T07:16:17+05:30,1573,T01,Kothrud
8134352408,7482477109,2026-06-03T07:17:29+05:30,114,T07,Hinjewadi
6469632595,9603859770,2026-06-03T08:49:46+05:30,1365,T04,Warje
7991241904,8690927557,2026-06-03T09:05:30+05:30,795,T06,Yerwada
8512567468,7990490278,2026-06-03T09:09:26+05:30,1487,T05,Kondhwa
7947312172,9155188442,2026-06-03T09:38:52+05:30,1227,T09,Camp
7799650752,7327193745,2026-06-03T10:14:07+05:30,793,T10,Baner
9165726284,7734670656,2026-06-03T11:42:53+05:30,719,T09,Camp
6715451680,9354549480,2026-06-03T11:55:33+05:30,799,T07,Hinjewadi
6351823374,9907844736,2026-06-03T12:25:32+05:30,1474,T09,Camp
9429671756,8447962757,2026-06-03T13:33:34+05:30,1328,T01,Kothrud
6334123281,8895782911,2026-06-03T13:52:19+05:30,1407,T07,Hinjewadi
8717464887,9631931491,2026-06-03T14:24:18+05:30,567,T07,Hinjewadi
6778528922,6278681447,2026-06-03T15:00:53+05:30,316,T05,Kondhwa
6671902294,9354549480,2026-06-03T15:06:15+05:30,1539,T10,Baner
9169284511,8895782911,2026-06-03T15:13:12+05:30,767,T05,Kondhwa
6928565431,7067974034,2026-06-03T16:00:08+05:30,925,T04,Warje
8678669125,7990490278,2026-06-03T16:04:47+05:30,1583,T08,Swargate
9631931491,9165726284,2026-06-03T17:23:33+05:30,120,T06,Yerwada
6671902294,7584143842,2026-06-03T18:01:52+05:30,616,T01,Kothrud
9652775841,6531003309,2026-06-03T18:39:07+05:30,135,T04,Warje
6596401658,7990490278,2026-06-03T18:53:25+05:30,434,T01,Kothrud
9801824225,6928565431,2026-06-03T19:24:15+05:30,1125,T10,Baner
9169284511,9631931491,2026-06-03T19:51:31+05:30,636,T04,Warje
6278681447,7990490278,2026-06-03T20:09:10+05:30,119,T09,Camp
8512567468,7242102499,2026-06-03T21:04:21+05:30,208,T06,Yerwada
6351823374,8710276773,2026-06-03T21:13:07+05:30,203,T03,Hadapsar
7734670656,9429671756,2026-06-03T22:26:14+05:30,777,T10,Baner
9800025787,8650609835,2026-06-03T22:27:39+05:30,1559,T03,Hadapsar
9907844736,9662702895,2026-06-03T22:35:14+05:30,272,T01,Kothrud
9801824225,6278681447,2026-06-03T23:27:52+05:30,269,T04,Warje
7136783777,9873395004,2026-06-04T02:30:30+05:30,456,T09,Camp
6469632595,8710276773,2026-06-04T03:45:54+05:30,241,T06,Yerwada
7729806990,6278681447,2026-06-04T06:16:53+05:30,121,T02,Shivajinagar
6278681447,9165726284,2026-06-04T06:44:41+05:30,1213,T01,Kothrud
7242102499,6334123281,2026-06-04T07:16:45+05:30,1358,T09,Camp
8981829922,7136783777,2026-06-04T08:03:08+05:30,686,T03,Hadapsar
9556464170,7734670656,2026-06-04T08:09:38+05:30,1737,T05,Kondhwa
9127484677,8925556258,2026-06-04T08:57:44+05:30,1571,T07,Hinjewadi
6627204653,6586518506,2026-06-04T10:52:23+05:30,1004,T02,Shivajinagar
6351823374,6143634957,2026-06-04T10:53:56+05:30,1203,T04,Warje
9429671756,7067974034,2026-06-04T11:00:27+05:30,327,T09,Camp
7782639821,6715451680,2026-06-04T11:00:47+05:30,1527,T10,Baner
6351823374,9974801624,2026-06-04T13:28:27+05:30,1733,T04,Warje
8685574443,8658404499,2026-06-04T14:30:53+05:30,651,T10,Baner
8900109439,8777520471,2026-06-04T14:41:02+05:30,649,T04,Warje
9190659401,6334123281,2026-06-04T15:16:45+05:30,219,T08,Swargate
9155188442,7067974034,2026-06-04T16:38:38+05:30,1371,T06,Yerwada
8678669125,7067974034,2026-06-04T16:45:24+05:30,542,T06,Yerwada
8895782911,6586518506,2026-06-04T18:10:24+05:30,1471,T07,Hinjewadi
7734670656,8895782911,2026-06-04T18:33:34+05:30,798,T09,Camp
7248086131,6671902294,2026-06-04T19:10:32+05:30,233,T08,Swargate
9907844736,7165585239,2026-06-04T19:25:43+05:30,731,T02,Shivajinagar
8925556258,7248086131,2026-06-04T23:18:29+05:30,1153,T02,Shivajinagar
9801824225,7799650752,2026-06-05T05:04:29+05:30,1477,T10,Baner
9801824225,7729806990,2026-06-05T06:59:53+05:30,459,T07,Hinjewadi
9278755886,7165585239,2026-06-05T07:13:32+05:30,620,T08,Swargate
6531003309,9556464170,2026-06-05T07:29:12+05:30,527,T07,Hinjewadi
6278681447,9190659401,2026-06-05T07:41:43+05:30,1800,T03,Hadapsar
7734670656,9429671756,2026-06-05T08:10:12+05:30,764,T02,Shivajinagar
8710276773,9662702895,2026-06-05T08:15:40+05:30,592,T06,Yerwada
8134352408,8777520471,2026-06-05T08:49:06+05:30,246,T03,Hadapsar
9800025787,7278774701,2026-06-05T11:12:32+05:30,459,T02,Shivajinagar
9533963605,6537147321,2026-06-05T13:33:31+05:30,282,T01,Kothrud
8678669125,6334123281,2026-06-05T13:45:21+05:30,833,T10,Baner
6671902294,6143634957,2026-06-05T13:59:21+05:30,1170,T05,Kondhwa
8710276773,8168784991,2026-06-05T14:43:23+05:30,1606,T07,Hinjewadi
7991241904,6928565431,2026-06-05T15:30:14+05:30,312,T06,Yerwada
7327193745,8690927557,2026-06-05T16:19:42+05:30,1519,T10,Baner
9662702895,7584143842,2026-06-05T16:39:32+05:30,1135,T10,Baner
9556464170,7729806990,2026-06-05T17:06:14+05:30,665,T08,Swargate
7165585239,6469632595,2026-06-05T17:49:20+05:30,1229,T08,Swargate
6278681447,7327193745,2026-06-05T17:55:01+05:30,218,T08,Swargate
9603859770,9278755886,2026-06-05T18:00:26+05:30,159,T01,Kothrud
9165726284,7029702135,2026-06-05T18:06:18+05:30,426,T01,Kothrud
8690927557,9631931491,2026-06-05T19:34:36+05:30,1325,T09,Camp
7990490278,8713493618,2026-06-05T20:02:20+05:30,1003,T08,Swargate
8690927557,7734670656,2026-06-05T20:34:30+05:30,1359,T05,Kondhwa
9873395004,7136783777,2026-06-05T20:39:45+05:30,1166,T06,Yerwada
8713493618,7242102499,2026-06-05T20:50:31+05:30,1255,T05,Kondhwa
9155188442,7734670656,2026-06-05T21:10:48+05:30,1727,T07,Hinjewadi
8981829922,9603859770,2026-06-05T21:18:01+05:30,260,T09,Camp
9155188442,9769453147,2026-06-05T21:19:11+05:30,1068,T01,Kothrud
6143634957,6715451680,2026-06-05T21:21:05+05:30,1571,T07,Hinjewadi
8658404499,9800025787,2026-06-05T23:41:47+05:30,355,T08,Swargate
6586518506,7947312172,2026-06-06T02:25:23+05:30,881,T07,Hinjewadi
7729806990,7990490278,2026-06-06T03:03:00+05:30,614,T05,Kondhwa
6469632595,8981829922,2026-06-06T04:22:05+05:30,425,T05,Kondhwa
8981829922,9907844736,2026-06-06T04:41:38+05:30,1771,T03,Hadapsar
7991241904,8678669125,2026-06-06T05:16:40+05:30,635,T04,Warje
6928565431,9631931491,2026-06-06T05:24:38+05:30,651,T07,Hinjewadi
9556464170,9190659401,2026-06-06T06:24:21+05:30,1243,T09,Camp
6278681447,8895782911,2026-06-06T06:38:09+05:30,563,T01,Kothrud
9165726284,6778528922,2026-06-06T07:09:04+05:30,849,T02,Shivajinagar
7990490278,9801824225,2026-06-06T08:38:39+05:30,1481,T07,Hinjewadi
9774964990,9631931491,2026-06-06T10:07:18+05:30,1646,T09,Camp
9631931491,7583132370,2026-06-06T10:32:46+05:30,305,T09,Camp
6318699938,7734670656,2026-06-06T10:45:26+05:30,1449,T01,Kothrud
8900109439,8658404499,2026-06-06T11:00:05+05:30,1255,T04,Warje
6671902294,9127484677,2026-06-06T11:28:55+05:30,386,T07,Hinjewadi
7400842710,6671902294,2026-06-06T11:41:58+05:30,415,T03,Hadapsar
6671902294,8777520471,2026-06-06T12:44:26+05:30,875,T09,Camp
9662702895,6143634957,2026-06-06T13:57:23+05:30,1435,T03,Hadapsar
8134352408,9974801624,2026-06-06T15:26:30+05:30,1532,T09,Camp
7734670656,7990490278,2026-06-06T16:26:37+05:30,194,T01,Kothrud
9974801624,7248086131,2026-06-06T16:29:13+05:30,323,T07,Hinjewadi
8512567468,9165726284,2026-06-06T16:55:05+05:30,1127,T05,Kondhwa
7584143842,9873395004,2026-06-06T16:55:16+05:30,1508,T05,Kondhwa
6778528922,6627204653,2026-06-06T17:35:04+05:30,502,T04,Warje
6531003309,7947312172,2026-06-06T17:37:11+05:30,452,T03,Hadapsar
7584143842,9127484677,2026-06-06T18:06:30+05:30,855,T10,Baner
9774964990,6586518506,2026-06-06T18:46:53+05:30,1276,T04,Warje
6469632595,9278755886,2026-06-06T19:18:56+05:30,777,T09,Camp
6627204653,9774964990,2026-06-06T20:03:43+05:30,749,T04,Warje
7947312172,6531003309,2026-06-07T00:16:44+05:30,91,T04,Warje
7799650752,7583132370,2026-06-07T02:27:05+05:30,1274,T02,Shivajinagar
7400842710,7782639821,2026-06-07T04:31:47+05:30,1235,T03,Hadapsar
7799650752,7729806990,2026-06-07T05:02:47+05:30,344,T05,Kondhwa
7242102499,9190659401,2026-06-07T05:39:11+05:30,1021,T02,Shivajinagar
6715451680,6143634957,2026-06-07T05:39:13+05:30,844,T01,Kothrud
6278681447,9769453147,2026-06-07T07:01:55+05:30,1028,T02,Shivajinagar
7583132370,8713493618,2026-06-07T07:14:12+05:30,1573,T10,Baner
7799650752,9801824225,2026-06-07T09:50:16+05:30,688,T01,Kothrud
8658404499,9603859770,2026-06-07T09:50:27+05:30,690,T03,Hadapsar
9127484677,6715451680,2026-06-07T10:30:51+05:30,436,T06,Yerwada
7729806990,9155188442,2026-06-07T11:06:52+05:30,1223,T08,Swargate
8777520471,9873395004,2026-06-07T12:06:39+05:30,892,T03,Hadapsar
8777520471,6469632595,2026-06-07T12:35:01+05:30,35,T06,Yerwada
8900109439,6715451680,2026-06-07T12:53:21+05:30,781,T02,Shivajinagar
9774964990,7327193745,2026-06-07T13:01:13+05:30,1537,T07,Hinjewadi
6351823374,7278774701,2026-06-07T13:17:17+05:30,285,T08,Swargate
9556464170,6928565431,2026-06-07T14:13:43+05:30,1766,T02,Shivajinagar
6586518506,8678669125,2026-06-07T14:24:12+05:30,481,T06,Yerwada
9873395004,8777520471,2026-06-07T14:32:28+05:30,758,T04,Warje
9801824225,9429671756,2026-06-07T15:44:34+05:30,440,T03,Hadapsar
8678669125,7029702135,2026-06-07T16:13:45+05:30,276,T04,Warje
7136783777,8650609835,2026-06-07T16:24:46+05:30,1396,T04,Warje
6928565431,9190659401,2026-06-07T17:09:04+05:30,295,T08,Swargate
6351823374,6143634957,2026-06-07T17:53:23+05:30,1524,T10,Baner
9873395004,7165585239,2026-06-07T18:54:05+05:30,323,T01,Kothrud
9662702895,7278774701,2026-06-07T19:12:03+05:30,377,T06,Yerwada
7583132370,9165726284,2026-06-07T19:26:15+05:30,158,T09,Camp
9429671756,6278681447,2026-06-07T19:31:43+05:30,844,T01,Kothrud
9169284511,9190659401,2026-06-07T20:09:50+05:30,1659,T04,Warje
8713493618,9155188442,2026-06-07T20:28:11+05:30,749,T01,Kothrud
8925556258,9127484677,2026-06-07T21:27:11+05:30,395,T07,Hinjewadi
8925556258,7165585239,2026-06-07T23:18:27+05:30,398,T06,Yerwada
6715451680,8134352408,2026-06-08T07:52:30+05:30,1329,T05,Kondhwa
6928565431,7799650752,2026-06-08T09:23:03+05:30,549,T04,Warje
8981829922,9873395004,2026-06-08T10:02:03+05:30,1607,T03,Hadapsar
9769453147,9429671756,2026-06-08T10:02:11+05:30,1362,T08,Swargate
8710276773,9354549480,2026-06-08T10:31:09+05:30,707,T08,Swargate
6537147321,6671902294,2026-06-08T10:46:15+05:30,1053,T06,Yerwada
6671902294,7482477109,2026-06-08T10:53:12+05:30,1219,T04,Warje
6586518506,7799650752,2026-06-08T11:07:27+05:30,996,T02,Shivajinagar
9801824225,6334123281,2026-06-08T11:42:28+05:30,576,T01,Kothrud
8981829922,9278755886,2026-06-08T12:25:32+05:30,793,T01,Kothrud
6627204653,7067974034,2026-06-08T12:56:37+05:30,112,T07,Hinjewadi
8650609835,8777520471,2026-06-08T12:58:24+05:30,431,T09,Camp
7278774701,9127484677,2026-06-08T13:38:04+05:30,1656,T09,Camp
9907844736,6671902294,2026-06-08T13:40:47+05:30,155,T10,Baner
7799650752,6928565431,2026-06-08T13:51:35+05:30,1743,T09,Camp
6531003309,6627204653,2026-06-08T15:08:44+05:30,227,T09,Camp
6627204653,9769453147,2026-06-08T15:10:50+05:30,1676,T05,Kondhwa
7482477109,9354549480,2026-06-08T15:48:21+05:30,1146,T01,Kothrud
6537147321,7278774701,2026-06-08T15:55:41+05:30,141,T10,Baner
6778528922,6334123281,2026-06-08T17:08:11+05:30,647,T08,Swargate
9974801624,9127484677,2026-06-08T17:46:11+05:30,1443,T09,Camp
7947312172,8512567468,2026-06-08T18:28:36+05:30,1671,T01,Kothrud
7947312172,7991241904,2026-06-08T18:47:20+05:30,1343,T06,Yerwada
6469632595,6143634957,2026-06-08T19:38:01+05:30,1519,T08,Swargate
9662702895,9800025787,2026-06-08T20:01:08+05:30,1579,T04,Warje
8447962757,9165726284,2026-06-08T20:27:38+05:30,957,T08,Swargate
7327193745,6778528922,2026-06-08T20:40:42+05:30,937,T05,Kondhwa
6351823374,9603859770,2026-06-08T21:14:35+05:30,504,T10,Baner
8447962757,7734670656,2026-06-08T21:17:22+05:30,1568,T01,Kothrud
9774964990,6928565431,2026-06-08T21:28:55+05:30,712,T10,Baner
9603859770,8925556258,2026-06-08T21:46:05+05:30,702,T02,Shivajinagar
8658404499,7482477109,2026-06-08T22:30:25+05:30,244,T08,Swargate
9533963605,9127484677,2026-06-08T23:38:53+05:30,1516,T06,Yerwada
6586518506,9631931491,2026-06-09T01:42:27+05:30,923,T04,Warje
8925556258,8777520471,2026-06-09T02:12:43+05:30,795,T06,Yerwada
7799650752,7991241904,2026-06-09T05:17:03+05:30,1097,T02,Shivajinagar
9801824225,7990490278,2026-06-09T05:21:43+05:30,863,T02,Shivajinagar
9662702895,8900109439,2026-06-09T07:01:37+05:30,43,T09,Camp
8710276773,9354549480,2026-06-09T07:33:29+05:30,1323,T08,Swargate
7729806990,6596401658,2026-06-09T07:59:21+05:30,1275,T05,Kondhwa
8134352408,6537147321,2026-06-09T08:04:11+05:30,284,T10,Baner
7400842710,6671902294,2026-06-09T08:15:42+05:30,160,T05,Kondhwa
9190659401,7729806990,2026-06-09T08:15:45+05:30,167,T09,Camp
6928565431,8690927557,2026-06-09T08:24:26+05:30,1508,T05,Kondhwa
6334123281,9155188442,2026-06-09T08:28:30+05:30,1272,T07,Hinjewadi
9769453147,6531003309,2026-06-09T09:03:13+05:30,203,T03,Hadapsar
9631931491,7327193745,2026-06-09T09:22:03+05:30,1220,T06,Yerwada
7583132370,9165726284,2026-06-09T09:39:40+05:30,101,T08,Swargate
6278681447,9774964990,2026-06-09T12:08:01+05:30,1426,T06,Yerwada
6586518506,9165726284,2026-06-09T12:38:26+05:30,1007,T05,Kondhwa
7327193745,9769453147,2026-06-09T13:05:51+05:30,1019,T09,Camp
9278755886,8134352408,2026-06-09T13:47:59+05:30,1072,T08,Swargate
8134352408,9873395004,2026-06-09T14:35:14+05:30,242,T09,Camp
9873395004,7584143842,2026-06-09T17:26:51+05:30,799,T04,Warje
7990490278,9801824225,2026-06-09T18:04:00+05:30,681,T04,Warje
7990490278,9801824225,2026-06-09T20:31:14+05:30,1613,T04,Warje
7400842710,9873395004,2026-06-09T21:37:02+05:30,1429,T01,Kothrud
9127484677,7136783777,2026-06-09T22:27:34+05:30,562,T10,Baner
6531003309,9556464170,2026-06-09T22:40:16+05:30,513,T04,Warje
9662702895,7782639821,2026-06-09T23:23:23+05:30,1781,T10,Baner
7734670656,7067974034,2026-06-09T23:50:00+05:30,303,T03,Hadapsar
8134352408,8658404499,2026-06-09T23:58:51+05:30,1565,T06,Yerwada
6318699938,7734670656,2026-06-10T01:52:19+05:30,786,T07,Hinjewadi
9165726284,6334123281,2026-06-10T04:06:21+05:30,1242,T09,Camp
7248086131,6537147321,2026-06-10T04:32:16+05:30,1303,T06,Yerwada
9631931491,9165726284,2026-06-10T05:11:13+05:30,790,T03,Hadapsar
8685574443,9873395004,2026-06-10T05:55:12+05:30,1509,T07,Hinjewadi
7782639821,8981829922,2026-06-10T06:02:30+05:30,650,T07,Hinjewadi
9127484677,6469632595,2026-06-10T06:14:05+05:30,1203,T09,Camp
7067974034,7990490278,2026-06-10T06:56:45+05:30,1519,T01,Kothrud
7278774701,6143634957,2026-06-10T07:39:43+05:30,883,T03,Hadapsar
7400842710,6469632595,2026-06-10T08:01:50+05:30,1003,T04,Warje
9800025787,9603859770,2026-06-10T08:02:00+05:30,252,T09,Camp
6928565431,9155188442,2026-06-10T08:28:34+05:30,1222,T04,Warje
7583132370,6596401658,2026-06-10T08:44:27+05:30,1281,T01,Kothrud
6778528922,9556464170,2026-06-10T09:30:30+05:30,1093,T01,Kothrud
7782639821,6537147321,2026-06-10T11:03:21+05:30,1024,T05,Kondhwa
8710276773,9800025787,2026-06-10T12:18:04+05:30,1647,T09,Camp
8512567468,8713493618,2026-06-10T12:53:40+05:30,1109,T10,Baner
6278681447,9169284511,2026-06-10T13:59:59+05:30,764,T06,Yerwada
9169284511,6627204653,2026-06-10T14:18:50+05:30,147,T09,Camp
7327193745,7242102499,2026-06-10T15:53:00+05:30,43,T06,Yerwada
9974801624,8658404499,2026-06-10T16:17:17+05:30,661,T03,Hadapsar
8650609835,9603859770,2026-06-10T16:29:36+05:30,1068,T09,Camp
9774964990,9769453147,2026-06-10T17:07:21+05:30,631,T08,Swargate
8512567468,7729806990,2026-06-10T17:38:42+05:30,572,T05,Kondhwa
6531003309,8690927557,2026-06-10T18:21:33+05:30,1316,T06,Yerwada
7729806990,7029702135,2026-06-10T18:53:44+05:30,575,T07,Hinjewadi
8134352408,8900109439,2026-06-10T20:06:03+05:30,51,T05,Kondhwa
8713493618,6928565431,2026-06-10T20:58:43+05:30,661,T02,Shivajinagar
8925556258,7482477109,2026-06-10T21:01:44+05:30,306,T09,Camp
7729806990,9652775841,2026-06-10T21:14:21+05:30,1581,T05,Kondhwa
8777520471,7136783777,2026-06-10T21:34:37+05:30,220,T05,Kondhwa
6928565431,7327193745,2026-06-10T21:43:39+05:30,450,T10,Baner
6715451680,7278774701,2026-06-10T21:51:52+05:30,1183,T07,Hinjewadi
7947312172,9190659401,2026-06-10T22:03:45+05:30,762,T08,Swargate
9662702895,8134352408,2026-06-10T23:31:21+05:30,1595,T08,Swargate
9800025787,8925556258,2026-06-11T00:36:12+05:30,250,T02,Shivajinagar
8777520471,8925556258,2026-06-11T00:36:32+05:30,664,T02,Shivajinagar
7799650752,9652775841,2026-06-11T01:22:21+05:30,354,T07,Hinjewadi
7067974034,8447962757,2026-06-11T04:59:12+05:30,1080,T04,Warje
7165585239,6537147321,2026-06-11T05:35:41+05:30,1657,T07,Hinjewadi
9662702895,9800025787,2026-06-11T05:44:55+05:30,1018,T03,Hadapsar
8134352408,9127484677,2026-06-11T07:01:44+05:30,979,T02,Shivajinagar
9169284511,8690927557,2026-06-11T07:35:32+05:30,752,T02,Shivajinagar
8713493618,9652775841,2026-06-11T07:36:14+05:30,1394,T02,Shivajinagar
9127484677,9533963605,2026-06-11T08:33:40+05:30,1028,T08,Swargate
7990490278,9429671756,2026-06-11T09:14:54+05:30,1067,T04,Warje
8690927557,6531003309,2026-06-11T09:26:01+05:30,427,T01,Kothrud
7248086131,7482477109,2026-06-11T09:29:06+05:30,612,T04,Warje
9354549480,7482477109,2026-06-11T09:36:09+05:30,339,T09,Camp
8658404499,7278774701,2026-06-11T09:53:40+05:30,572,T04,Warje
6596401658,9190659401,2026-06-11T11:11:58+05:30,523,T04,Warje
8650609835,6671902294,2026-06-11T12:51:42+05:30,1404,T08,Swargate
9354549480,8650609835,2026-06-11T13:44:40+05:30,524,T07,Hinjewadi
6278681447,8447962757,2026-06-11T14:35:00+05:30,1677,T04,Warje
8168784991,8925556258,2026-06-11T14:51:11+05:30,1713,T04,Warje
9127484677,9800025787,2026-06-11T15:31:04+05:30,1602,T01,Kothrud
7583132370,9169284511,2026-06-11T16:34:14+05:30,963,T06,Yerwada
6469632595,6143634957,2026-06-11T16:34:47+05:30,1567,T03,Hadapsar
6627204653,9169284511,2026-06-11T17:19:29+05:30,26,T10,Baner
7278774701,8777520471,2026-06-11T17:24:52+05:30,127,T03,Hadapsar
7729806990,7734670656,2026-06-11T17:38:49+05:30,1667,T10,Baner
6334123281,6531003309,2026-06-11T17:40:58+05:30,1442,T04,Warje
6537147321,8925556258,2026-06-11T18:06:38+05:30,1676,T07,Hinjewadi
7400842710,7278774701,2026-06-11T20:07:45+05:30,443,T07,Hinjewadi
8777520471,8710276773,2026-06-11T20:11:27+05:30,849,T06,Yerwada
6627204653,7029702135,2026-06-11T20:38:45+05:30,1035,T05,Kondhwa
7242102499,7799650752,2026-06-11T21:04:52+05:30,1040,T02,Shivajinagar
8710276773,9533963605,2026-06-11T21:13:01+05:30,1404,T06,Yerwada
6531003309,8717464887,2026-06-11T21:17:44+05:30,145,T07,Hinjewadi
7991241904,6596401658,2026-06-11T22:47:34+05:30,375,T05,Kondhwa
6278681447,8512567468,2026-06-11T23:36:29+05:30,125,T02,Shivajinagar
9165726284,9631931491,2026-06-12T00:11:00+05:30,369,T04,Warje
9278755886,8168784991,2026-06-12T00:21:36+05:30,1384,T04,Warje
9631931491,9165726284,2026-06-12T00:22:12+05:30,1596,T01,Kothrud
7799650752,6278681447,2026-06-12T03:16:30+05:30,1466,T09,Camp
8512567468,8895782911,2026-06-12T04:10:30+05:30,350,T08,Swargate
9169284511,9769453147,2026-06-12T04:26:47+05:30,901,T09,Camp
8690927557,9169284511,2026-06-12T05:19:12+05:30,565,T04,Warje
9354549480,8981829922,2026-06-12T05:35:00+05:30,826,T03,Hadapsar
6334123281,9190659401,2026-06-12T05:37:34+05:30,636,T08,Swargate
9769453147,9774964990,2026-06-12T05:51:27+05:30,1024,T07,Hinjewadi
6596401658,7729806990,2026-06-12T07:12:13+05:30,503,T10,Baner
6671902294,7782639821,2026-06-12T07:31:32+05:30,1630,T03,Hadapsar
7947312172,8690927557,2026-06-12T08:19:35+05:30,261,T03,Hadapsar
6627204653,7067974034,2026-06-12T08:25:00+05:30,1528,T07,Hinjewadi
7991241904,7067974034,2026-06-12T08:28:31+05:30,400,T05,Kondhwa
9652775841,7029702135,2026-06-12T08:30:22+05:30,1259,T10,Baner
7990490278,7327193745,2026-06-12T08:33:25+05:30,582,T09,Camp
7029702135,6278681447,2026-06-12T08:37:03+05:30,992,T01,Kothrud
9873395004,9662702895,2026-06-12T08:55:14+05:30,17,T04,Warje
9800025787,9907844736,2026-06-12T09:09:13+05:30,889,T06,Yerwada
8678669125,6596401658,2026-06-12T11:29:37+05:30,226,T04,Warje
7782639821,9974801624,2026-06-12T11:56:27+05:30,1510,T08,Swargate
8134352408,6351823374,2026-06-12T14:44:14+05:30,50,T03,Hadapsar
8168784991,8134352408,2026-06-12T14:55:32+05:30,1714,T06,Yerwada
9662702895,9278755886,2026-06-12T16:13:25+05:30,187,T04,Warje
7584143842,6671902294,2026-06-12T18:11:10+05:30,1078,T06,Yerwada
9429671756,6531003309,2026-06-12T18:48:35+05:30,846,T05,Kondhwa
8717464887,7029702135,2026-06-12T19:29:30+05:30,1333,T10,Baner
6586518506,8512567468,2026-06-12T19:36:30+05:30,1794,T10,Baner
6627204653,6778528922,2026-06-12T20:08:50+05:30,89,T02,Shivajinagar
9774964990,7990490278,2026-06-12T20:34:06+05:30,162,T10,Baner
9278755886,8650609835,2026-06-12T21:03:07+05:30,1003,T04,Warje
7991241904,8895782911,2026-06-12T22:27:01+05:30,979,T03,Hadapsar
6715451680,7136783777,2026-06-12T22:54:54+05:30,32,T07,Hinjewadi
9769453147,7029702135,2026-06-13T04:09:03+05:30,863,T07,Hinjewadi
7029702135,8717464887,2026-06-13T04:24:20+05:30,1185,T09,Camp
9974801624,7136783777,2026-06-13T04:47:35+05:30,244,T08,Swargate
7067974034,9169284511,2026-06-13T05:15:37+05:30,1376,T02,Shivajinagar
7067974034,7990490278,2026-06-13T06:25:49+05:30,1424,T07,Hinjewadi
8690927557,6334123281,2026-06-13T06:42:13+05:30,712,T03,Hadapsar
9801824225,7799650752,2026-06-13T06:50:08+05:30,541,T03,Hadapsar
7165585239,7278774701,2026-06-13T08:47:46+05:30,1155,T08,Swargate
9165726284,7991241904,2026-06-13T08:51:25+05:30,588,T02,Shivajinagar
8690927557,7729806990,2026-06-13T08:53:35+05:30,1097,T05,Kondhwa
7136783777,7782639821,2026-06-13T10:43:53+05:30,1217,T01,Kothrud
9631931491,9165726284,2026-06-13T10:46:25+05:30,1100,T04,Warje
6671902294,9278755886,2026-06-13T15:34:53+05:30,1771,T05,Kondhwa
9631931491,7327193745,2026-06-13T16:42:21+05:30,1654,T10,Baner
8658404499,8925556258,2026-06-13T16:52:37+05:30,1750,T10,Baner
8713493618,9556464170,2026-06-13T18:16:09+05:30,588,T03,Hadapsar
6469632595,9603859770,2026-06-13T19:13:13+05:30,274,T08,Swargate
6531003309,9774964990,2026-06-13T20:33:30+05:30,737,T05,Kondhwa
7799650752,6531003309,2026-06-13T20:39:19+05:30,114,T06,Yerwada
9190659401,9652775841,2026-06-13T20:50:58+05:30,840,T02,Shivajinagar
9533963605,9873395004,2026-06-13T22:34:35+05:30,1677,T04,Warje
7029702135,7729806990,2026-06-13T22:59:38+05:30,339,T10,Baner
8134352408,8900109439,2026-06-13T23:26:10+05:30,1514,T01,Kothrud
8777520471,7400842710,2026-06-13T23:34:47+05:30,58,T10,Baner
8210470952,7734670656,2026-06-14T00:03:00+05:30,1094,T02,Shivajinagar
8777520471,9127484677,2026-06-14T01:05:47+05:30,558,T03,Hadapsar
8210470952,7734670656,2026-06-14T01:13:00+05:30,1038,T02,Shivajinagar
9169284511,6596401658,2026-06-14T01:39:49+05:30,875,T05,Kondhwa
8210470952,9165726284,2026-06-14T02:16:00+05:30,852,T02,Shivajinagar
8210470952,7327193745,2026-06-14T03:04:00+05:30,1107,T02,Shivajinagar
6537147321,7584143842,2026-06-14T04:50:17+05:30,239,T04,Warje
8650609835,9873395004,2026-06-14T05:48:02+05:30,271,T01,Kothrud
8900109439,8925556258,2026-06-14T06:06:30+05:30,1536,T09,Camp
9800025787,9662702895,2026-06-14T06:18:47+05:30,1757,T06,Yerwada
9769453147,9429671756,2026-06-14T07:20:51+05:30,22,T04,Warje
8650609835,8777520471,2026-06-14T09:03:45+05:30,871,T03,Hadapsar
7991241904,8678669125,2026-06-14T09:37:26+05:30,1583,T05,Kondhwa
6351823374,7248086131,2026-06-14T10:47:36+05:30,197,T03,Hadapsar
7583132370,6586518506,2026-06-14T11:16:18+05:30,1532,T02,Shivajinagar
8678669125,8717464887,2026-06-14T12:13:54+05:30,401,T01,Kothrud
7029702135,9155188442,2026-06-14T12:45:15+05:30,99,T02,Shivajinagar
7729806990,8447962757,2026-06-14T12:56:55+05:30,1003,T01,Kothrud
7242102499,9631931491,2026-06-14T14:01:22+05:30,1002,T08,Swargate
9652775841,9801824225,2026-06-14T14:24:56+05:30,428,T08,Swargate
7947312172,9769453147,2026-06-14T16:47:30+05:30,614,T09,Camp
7242102499,6928565431,2026-06-14T17:29:05+05:30,807,T02,Shivajinagar
9662702895,9873395004,2026-06-14T17:58:57+05:30,1443,T10,Baner
8710276773,7584143842,2026-06-14T19:19:34+05:30,1121,T02,Shivajinagar
8690927557,7583132370,2026-06-14T19:54:04+05:30,1064,T08,Swargate
7067974034,9165726284,2026-06-14T20:48:05+05:30,671,T06,Yerwada
9533963605,7248086131,2026-06-14T21:14:56+05:30,27,T05,Kondhwa
8447962757,7990490278,2026-06-14T21:19:46+05:30,687,T01,Kothrud
7242102499,8690927557,2026-06-14T21:46:57+05:30,154,T04,Warje
9662702895,7782639821,2026-06-14T22:12:09+05:30,969,T09,Camp
6928565431,8717464887,2026-06-14T23:33:36+05:30,876,T07,Hinjewadi
8210470952,7991241904,2026-06-15T00:20:00+05:30,841,T10,Baner
9603859770,9974801624,2026-06-15T01:56:44+05:30,627,T03,Hadapsar
8210470952,9769453147,2026-06-15T01:57:00+05:30,508,T10,Baner
7799650752,9652775841,2026-06-15T02:37:20+05:30,731,T06,Yerwada
8210470952,6627204653,2026-06-15T02:55:00+05:30,1348,T10,Baner
8210470952,6531003309,2026-06-15T02:58:00+05:30,624,T10,Baner
8210470952,7799650752,2026-06-15T03:39:00+05:30,1565,T10,Baner
7799650752,9429671756,2026-06-15T04:05:33+05:30,857,T06,Yerwada
6671902294,9800025787,2026-06-15T04:45:12+05:30,285,T02,Shivajinagar
8650609835,7248086131,2026-06-15T05:04:57+05:30,402,T03,Hadapsar
7583132370,6627204653,2026-06-15T05:13:13+05:30,538,T03,Hadapsar
6778528922,6928565431,2026-06-15T05:18:41+05:30,385,T04,Warje
8512567468,7327193745,2026-06-15T05:24:33+05:30,1598,T05,Kondhwa
9429671756,7583132370,2026-06-15T05:58:33+05:30,922,T07,Hinjewadi
9774964990,7067974034,2026-06-15T07:00:42+05:30,1749,T09,Camp
9662702895,9974801624,2026-06-15T09:31:15+05:30,873,T06,Yerwada
9873395004,7248086131,2026-06-15T10:00:27+05:30,733,T07,Hinjewadi
9662702895,9974801624,2026-06-15T10:22:13+05:30,238,T02,Shivajinagar
9429671756,9652775841,2026-06-15T10:55:48+05:30,1731,T05,Kondhwa
7029702135,9556464170,2026-06-15T11:10:29+05:30,610,T05,Kondhwa
8895782911,9774964990,2026-06-15T11:16:03+05:30,1538,T03,Hadapsar
7242102499,6278681447,2026-06-15T12:23:27+05:30,1243,T04,Warje
8925556258,8777520471,2026-06-15T12:49:53+05:30,476,T09,Camp
6778528922,6627204653,2026-06-15T13:26:13+05:30,1539,T03,Hadapsar
7242102499,9769453147,2026-06-15T14:31:27+05:30,1429,T08,Swargate
7734670656,9165726284,2026-06-15T14:34:38+05:30,809,T03,Hadapsar
9801824225,7799650752,2026-06-15T14:37:56+05:30,1534,T10,Baner
8713493618,9652775841,2026-06-15T15:45:45+05:30,714,T06,Yerwada
8658404499,6351823374,2026-06-15T16:21:39+05:30,1524,T03,Hadapsar
7947312172,7583132370,2026-06-15T16:51:00+05:30,474,T04,Warje
7327193745,8895782911,2026-06-15T17:10:18+05:30,1008,T02,Shivajinagar
8690927557,6778528922,2026-06-15T18:32:37+05:30,1194,T07,Hinjewadi
6537147321,9800025787,2026-06-15T18:42:04+05:30,1146,T03,Hadapsar
8678669125,6778528922,2026-06-15T18:57:22+05:30,15,T04,Warje
8678669125,7991241904,2026-06-15T19:02:44+05:30,572,T07,Hinjewadi
7327193745,7990490278,2026-06-15T19:15:03+05:30,54,T07,Hinjewadi
9354549480,8981829922,2026-06-15T19:20:19+05:30,21,T02,Shivajinagar
9155188442,9165726284,2026-06-15T20:03:21+05:30,1287,T05,Kondhwa
8447962757,9652775841,2026-06-15T20:15:11+05:30,370,T07,Hinjewadi
6351823374,8925556258,2026-06-15T22:28:22+05:30,1651,T02,Shivajinagar
7327193745,7029702135,2026-06-15T22:47:37+05:30,1305,T08,Swargate
7782639821,8168784991,2026-06-15T23:31:33+05:30,308,T05,Kondhwa
7584143842,8925556258,2026-06-15T23:45:15+05:30,1170,T04,Warje
6531003309,9429671756,2026-06-15T23:57:11+05:30,792,T02,Shivajinagar
7734670656,7991241904,2026-06-16T04:00:48+05:30,747,T10,Baner
9800025787,8900109439,2026-06-16T04:53:26+05:30,1641,T01,Kothrud
9873395004,9354549480,2026-06-16T05:14:37+05:30,1247,T01,Kothrud
9800025787,8134352408,2026-06-16T05:15:44+05:30,259,T04,Warje
9127484677,9354549480,2026-06-16T05:43:46+05:30,1499,T05,Kondhwa
6334123281,6596401658,2026-06-16T07:06:53+05:30,1208,T07,Hinjewadi
8900109439,7584143842,2026-06-16T07:08:23+05:30,1626,T08,Swargate
9873395004,8925556258,2026-06-16T07:37:55+05:30,763,T01,Kothrud
7782639821,9800025787,2026-06-16T07:54:49+05:30,1310,T03,Hadapsar
9169284511,9801824225,2026-06-16T08:23:34+05:30,595,T10,Baner
7327193745,6278681447,2026-06-16T08:45:53+05:30,116,T05,Kondhwa
8900109439,6537147321,2026-06-16T09:36:14+05:30,1636,T10,Baner
9631931491,8447962757,2026-06-16T10:19:54+05:30,532,T07,Hinjewadi
7248086131,9603859770,2026-06-16T10:24:59+05:30,1242,T10,Baner
6531003309,8895782911,2026-06-16T10:38:24+05:30,1241,T04,Warje
6586518506,9165726284,2026-06-16T11:42:25+05:30,1555,T02,Shivajinagar
9155188442,9801824225,2026-06-16T12:33:31+05:30,1185,T02,Shivajinagar
9533963605,7400842710,2026-06-16T12:48:14+05:30,1609,T06,Yerwada
9774964990,8717464887,2026-06-16T13:00:23+05:30,309,T05,Kondhwa
7248086131,6351823374,2026-06-16T13:36:18+05:30,1337,T10,Baner
8650609835,9662702895,2026-06-16T15:33:21+05:30,605,T01,Kothrud
7991241904,7734670656,2026-06-16T16:26:18+05:30,735,T02,Shivajinagar
7584143842,8981829922,2026-06-16T17:00:38+05:30,1339,T08,Swargate
7248086131,8658404499,2026-06-16T17:47:57+05:30,626,T02,Shivajinagar
8981829922,6537147321,2026-06-16T17:54:15+05:30,815,T01,Kothrud
9533963605,9603859770,2026-06-16T18:14:07+05:30,1688,T05,Kondhwa
7067974034,6586518506,2026-06-16T19:10:30+05:30,1117,T03,Hadapsar
6334123281,9165726284,2026-06-16T20:03:22+05:30,1309,T01,Kothrud
6334123281,9165726284,2026-06-16T20:16:00+05:30,1502,T09,Camp
9974801624,7482477109,2026-06-16T22:28:54+05:30,690,T03,Hadapsar
7278774701,9800025787,2026-06-16T23:11:04+05:30,636,T01,Kothrud
7991241904,9155188442,2026-06-16T23:45:53+05:30,941,T06,Yerwada
7248086131,7400842710,2026-06-17T02:05:04+05:30,1738,T08,Swargate
8690927557,9169284511,2026-06-17T04:15:01+05:30,1080,T09,Camp
8650609835,6671902294,2026-06-17T04:33:30+05:30,555,T09,Camp
7248086131,7584143842,2026-06-17T04:40:50+05:30,308,T02,Shivajinagar
8658404499,6351823374,2026-06-17T05:04:12+05:30,1260,T05,Kondhwa
6334123281,6627204653,2026-06-17T05:15:55+05:30,1318,T04,Warje
8981829922,7248086131,2026-06-17T05:25:01+05:30,849,T06,Yerwada
6537147321,8685574443,2026-06-17T05:44:23+05:30,553,T01,Kothrud
8447962757,8690927557,2026-06-17T05:59:16+05:30,738,T02,Shivajinagar
6778528922,6627204653,2026-06-17T07:14:45+05:30,750,T04,Warje
9873395004,9533963605,2026-06-17T08:30:45+05:30,1456,T08,Swargate
9800025787,8925556258,2026-06-17T08:36:25+05:30,1353,T06,Yerwada
7165585239,7482477109,2026-06-17T08:38:04+05:30,803,T02,Shivajinagar
9631931491,6928565431,2026-06-17T10:31:19+05:30,268,T04,Warje
9165726284,7734670656,2026-06-17T10:58:20+05:30,1415,T08,Swargate
6928565431,7947312172,2026-06-17T11:26:57+05:30,1240,T07,Hinjewadi
6778528922,7242102499,2026-06-17T11:35:25+05:30,453,T01,Kothrud
9190659401,8717464887,2026-06-17T11:42:47+05:30,1102,T01,Kothrud
6143634957,7136783777,2026-06-17T12:16:52+05:30,370,T09,Camp
6351823374,7482477109,2026-06-17T12:59:33+05:30,593,T07,Hinjewadi
9155188442,7991241904,2026-06-17T13:28:14+05:30,149,T03,Hadapsar
8658404499,6715451680,2026-06-17T14:07:18+05:30,1448,T06,Yerwada
7734670656,6586518506,2026-06-17T14:19:20+05:30,906,T06,Yerwada
9800025787,8981829922,2026-06-17T14:26:24+05:30,1574,T08,Swargate
6318699938,7734670656,2026-06-17T15:21:09+05:30,1033,T02,Shivajinagar
8717464887,9165726284,2026-06-17T15:35:12+05:30,347,T09,Camp
8168784991,9127484677,2026-06-17T16:09:35+05:30,835,T05,Kondhwa
6278681447,9774964990,2026-06-17T16:39:59+05:30,898,T03,Hadapsar
8895782911,9774964990,2026-06-17T17:23:49+05:30,1426,T05,Kondhwa
8168784991,7165585239,2026-06-17T18:41:07+05:30,796,T09,Camp
6351823374,7782639821,2026-06-17T19:53:06+05:30,173,T02,Shivajinagar
6537147321,9907844736,2026-06-17T19:55:27+05:30,693,T02,Shivajinagar
9278755886,9354549480,2026-06-17T20:25:46+05:30,1573,T09,Camp
9278755886,9800025787,2026-06-17T20:53:41+05:30,268,T08,Swargate
6469632595,7782639821,2026-06-17T21:03:18+05:30,1606,T04,Warje
7729806990,9165726284,2026-06-17T22:15:24+05:30,1369,T06,Yerwada
7242102499,7990490278,2026-06-17T22:49:22+05:30,1400,T07,Hinjewadi
7136783777,8981829922,2026-06-17T22:52:38+05:30,1411,T08,Swargate
8900109439,9907844736,2026-06-17T23:19:49+05:30,16,T01,Kothrud
7136783777,7278774701,2026-06-17T23:28:16+05:30,331,T07,Hinjewadi
9769453147,9169284511,2026-06-18T03:06:09+05:30,1575,T02,Shivajinagar
9127484677,7248086131,2026-06-18T04:06:47+05:30,915,T04,Warje
8447962757,9556464170,2026-06-18T04:29:33+05:30,1309,T03,Hadapsar
6671902294,9974801624,2026-06-18T05:02:30+05:30,369,T03,Hadapsar
6537147321,7400842710,2026-06-18T05:04:40+05:30,1274,T02,Shivajinagar
7482477109,9662702895,2026-06-18T05:09:48+05:30,782,T07,Hinjewadi
9873395004,8168784991,2026-06-18T05:45:41+05:30,1655,T08,Swargate
7248086131,7482477109,2026-06-18T05:50:35+05:30,597,T03,Hadapsar
6715451680,8981829922,2026-06-18T06:15:42+05:30,691,T08,Swargate
7067974034,6627204653,2026-06-18T06:51:56+05:30,505,T02,Shivajinagar
8134352408,8710276773,2026-06-18T07:06:59+05:30,829,T07,Hinjewadi
9533963605,9974801624,2026-06-18T07:07:02+05:30,341,T04,Warje
7136783777,6715451680,2026-06-18T08:13:29+05:30,869,T02,Shivajinagar
9603859770,9662702895,2026-06-18T08:37:00+05:30,497,T03,Hadapsar
8685574443,9127484677,2026-06-18T10:44:33+05:30,332,T07,Hinjewadi
6928565431,7327193745,2026-06-18T11:11:55+05:30,832,T09,Camp
8981829922,7400842710,2026-06-18T13:30:54+05:30,152,T07,Hinjewadi
9603859770,7136783777,2026-06-18T13:59:28+05:30,1104,T02,Shivajinagar
6586518506,7991241904,2026-06-18T15:41:23+05:30,325,T02,Shivajinagar
7165585239,8134352408,2026-06-18T16:55:52+05:30,302,T10,Baner
8134352408,8900109439,2026-06-18T17:08:26+05:30,593,T03,Hadapsar
8925556258,6671902294,2026-06-18T17:30:33+05:30,1444,T06,Yerwada
8713493618,8895782911,2026-06-18T17:36:10+05:30,1060,T01,Kothrud
8710276773,9907844736,2026-06-18T18:32:03+05:30,979,T05,Kondhwa
9631931491,7799650752,2026-06-18T18:51:46+05:30,989,T07,Hinjewadi
9155188442,9774964990,2026-06-18T19:48:01+05:30,304,T02,Shivajinagar
8690927557,7583132370,2026-06-18T20:26:45+05:30,1404,T06,Yerwada
7278774701,8658404499,2026-06-18T21:09:47+05:30,1796,T04,Warje
7278774701,7400842710,2026-06-18T21:21:15+05:30,1043,T07,Hinjewadi
6537147321,6671902294,2026-06-18T21:56:49+05:30,1646,T04,Warje
8447962757,6778528922,2026-06-18T21:59:29+05:30,39,T04,Warje
8925556258,8650609835,2026-06-18T22:18:11+05:30,1598,T09,Camp
7583132370,6586518506,2026-06-18T22:26:18+05:30,1360,T10,Baner
7067974034,7242102499,2026-06-18T22:35:41+05:30,1753,T01,Kothrud
9800025787,8168784991,2026-06-18T23:12:51+05:30,1461,T04,Warje
6537147321,7482477109,2026-06-18T23:26:50+05:30,947,T07,Hinjewadi
7248086131,9662702895,2026-06-18T23:36:46+05:30,1094,T05,Kondhwa
7248086131,6143634957,2026-06-19T00:36:33+05:30,45,T06,Yerwada
6586518506,6596401658,2026-06-19T01:27:20+05:30,1272,T01,Kothrud
6928565431,9774964990,2026-06-19T04:56:19+05:30,498,T10,Baner
6351823374,7782639821,2026-06-19T05:00:11+05:30,628,T04,Warje
8690927557,8895782911,2026-06-19T06:04:54+05:30,59,T10,Baner
8678669125,7991241904,2026-06-19T06:43:09+05:30,419,T03,Hadapsar
7729806990,9190659401,2026-06-19T06:44:42+05:30,529,T02,Shivajinagar
6351823374,8925556258,2026-06-19T07:34:03+05:30,1657,T01,Kothrud
7991241904,6627204653,2026-06-19T08:14:36+05:30,1763,T05,Kondhwa
7278774701,9603859770,2026-06-19T08:20:36+05:30,1006,T04,Warje
7400842710,9354549480,2026-06-19T08:26:01+05:30,1630,T09,Camp
6627204653,7734670656,2026-06-19T09:58:14+05:30,1697,T07,Hinjewadi
7136783777,9533963605,2026-06-19T11:14:03+05:30,1669,T08,Swargate
8658404499,6715451680,2026-06-19T11:24:57+05:30,1580,T05,Kondhwa
6334123281,7991241904,2026-06-19T11:43:29+05:30,159,T06,Yerwada
9800025787,9354549480,2026-06-19T11:57:50+05:30,116,T06,Yerwada
6351823374,9873395004,2026-06-19T12:08:45+05:30,755,T03,Hadapsar
8900109439,8777520471,2026-06-19T12:29:15+05:30,1118,T07,Hinjewadi
9652775841,8690927557,2026-06-19T13:03:07+05:30,1790,T05,Kondhwa
9127484677,9974801624,2026-06-19T14:04:50+05:30,1560,T02,Shivajinagar
6143634957,9662702895,2026-06-19T14:35:10+05:30,178,T09,Camp
7029702135,8690927557,2026-06-19T14:52:23+05:30,1226,T06,Yerwada
8925556258,8777520471,2026-06-19T14:56:10+05:30,1023,T10,Baner
7278774701,7782639821,2026-06-19T15:26:03+05:30,20,T09,Camp
8710276773,9127484677,2026-06-19T16:41:05+05:30,570,T02,Shivajinagar
6334123281,6627204653,2026-06-19T17:25:42+05:30,700,T07,Hinjewadi
7991241904,8512567468,2026-06-19T17:41:43+05:30,1488,T09,Camp
8900109439,8134352408,2026-06-19T17:42:51+05:30,439,T07,Hinjewadi
6334123281,7327193745,2026-06-19T18:05:42+05:30,711,T01,Kothrud
9533963605,7782639821,2026-06-19T18:16:35+05:30,1187,T07,Hinjewadi
6537147321,8981829922,2026-06-19T18:20:04+05:30,238,T01,Kothrud
8658404499,8168784991,2026-06-19T18:39:37+05:30,287,T02,Shivajinagar
7248086131,8168784991,2026-06-19T19:33:45+05:30,1508,T05,Kondhwa
9652775841,7799650752,2026-06-19T21:06:04+05:30,1495,T05,Kondhwa
9603859770,8168784991,2026-06-19T21:31:33+05:30,787,T09,Camp
9662702895,8168784991,2026-06-19T21:52:18+05:30,672,T06,Yerwada
8447962757,6334123281,2026-06-19T22:25:57+05:30,768,T01,Kothrud
9873395004,7482477109,2026-06-19T22:42:35+05:30,379,T05,Kondhwa
9429671756,9556464170,2026-06-19T22:43:54+05:30,464,T09,Camp
6586518506,9556464170,2026-06-19T23:24:01+05:30,802,T09,Camp
6586518506,7990490278,2026-06-19T23:58:47+05:30,177,T08,Swargate
8925556258,9354549480,2026-06-20T02:00:07+05:30,1560,T06,Yerwada
7734670656,7067974034,2026-06-20T02:26:08+05:30,913,T08,Swargate
6778528922,6278681447,2026-06-20T02:36:51+05:30,1524,T05,Kondhwa
8447962757,6928565431,2026-06-20T03:11:09+05:30,1100,T07,Hinjewadi
7327193745,8713493618,2026-06-20T04:40:33+05:30,1153,T06,Yerwada
7067974034,8713493618,2026-06-20T05:24:33+05:30,168,T04,Warje
7799650752,9774964990,2026-06-20T05:43:38+05:30,77,T04,Warje
6671902294,8925556258,2026-06-20T05:45:19+05:30,1225,T06,Yerwada
9278755886,9603859770,2026-06-20T06:48:04+05:30,62,T02,Shivajinagar
9631931491,8895782911,2026-06-20T07:02:19+05:30,60,T08,Swargate
7400842710,8981829922,2026-06-20T07:23:11+05:30,1502,T04,Warje
9354549480,8168784991,2026-06-20T07:39:52+05:30,10,T02,Shivajinagar
6469632595,8168784991,2026-06-20T08:19:02+05:30,482,T09,Camp
9533963605,6537147321,2026-06-20T08:24:27+05:30,886,T04,Warje
9354549480,8900109439,2026-06-20T08:26:45+05:30,1478,T06,Yerwada
6586518506,9169284511,2026-06-20T08:43:17+05:30,428,T07,Hinjewadi
8690927557,6531003309,2026-06-20T09:45:22+05:30,646,T06,Yerwada
8168784991,8925556258,2026-06-20T10:00:45+05:30,1561,T04,Warje
8168784991,8777520471,2026-06-20T10:21:46+05:30,599,T05,Kondhwa
7029702135,7991241904,2026-06-20T10:31:48+05:30,1755,T02,Shivajinagar
7278774701,8981829922,2026-06-20T10:43:26+05:30,1653,T01,Kothrud
8777520471,8685574443,2026-06-20T11:48:55+05:30,197,T10,Baner
8717464887,6586518506,2026-06-20T12:43:10+05:30,1499,T02,Shivajinagar
6928565431,8690927557,2026-06-20T13:31:19+05:30,1587,T10,Baner
9165726284,9631931491,2026-06-20T13:44:02+05:30,1719,T03,Hadapsar
6278681447,9429671756,2026-06-20T14:04:24+05:30,1796,T09,Camp
8685574443,6715451680,2026-06-20T14:43:29+05:30,1176,T07,Hinjewadi
8134352408,7482477109,2026-06-20T17:46:28+05:30,1493,T02,Shivajinagar
8900109439,6671902294,2026-06-20T18:26:18+05:30,1585,T07,Hinjewadi
8713493618,6586518506,2026-06-20T18:37:32+05:30,1388,T10,Baner
6586518506,9429671756,2026-06-20T19:04:15+05:30,1629,T01,Kothrud
7029702135,7242102499,2026-06-20T21:15:15+05:30,716,T08,Swargate
9907844736,7584143842,2026-06-20T21:42:58+05:30,1557,T02,Shivajinagar
9155188442,6596401658,2026-06-20T21:56:40+05:30,1516,T10,Baner
6778528922,7990490278,2026-06-20T22:38:15+05:30,552,T08,Swargate
7947312172,9165726284,2026-06-20T23:33:51+05:30,1307,T10,Baner
7165585239,8925556258,2026-06-20T23:43:45+05:30,695,T05,Kondhwa
8710276773,9354549480,2026-06-21T00:43:09+05:30,1484,T06,Yerwada
8512567468,6928565431,2026-06-21T01:44:59+05:30,727,T02,Shivajinagar
8981829922,9354549480,2026-06-21T03:37:19+05:30,676,T02,Shivajinagar
7799650752,8717464887,2026-06-21T05:45:19+05:30,364,T02,Shivajinagar
6351823374,8981829922,2026-06-21T07:59:04+05:30,1582,T03,Hadapsar
6469632595,8650609835,2026-06-21T08:23:17+05:30,1081,T05,Kondhwa
6627204653,9190659401,2026-06-21T09:15:22+05:30,1720,T07,Hinjewadi
7482477109,6351823374,2026-06-21T10:08:45+05:30,1622,T08,Swargate
6318699938,9652775841,2026-06-21T12:38:14+05:30,983,T10,Baner
9631931491,7734670656,2026-06-21T13:02:46+05:30,1634,T08,Swargate
7136783777,9873395004,2026-06-21T13:05:57+05:30,1493,T09,Camp
9774964990,7991241904,2026-06-21T13:49:49+05:30,635,T09,Camp
8447962757,9631931491,2026-06-21T13:53:18+05:30,501,T08,Swargate
8895782911,8717464887,2026-06-21T13:58:09+05:30,1361,T08,Swargate
9354549480,7584143842,2026-06-21T14:34:24+05:30,1590,T01,Kothrud
9800025787,9278755886,2026-06-21T14:46:24+05:30,346,T03,Hadapsar
6531003309,6278681447,2026-06-21T15:06:29+05:30,534,T08,Swargate
7729806990,9190659401,2026-06-21T17:14:01+05:30,1161,T01,Kothrud
9556464170,9169284511,2026-06-21T17:28:26+05:30,1539,T05,Kondhwa
8710276773,7482477109,2026-06-21T17:34:34+05:30,757,T06,Yerwada
9774964990,8895782911,2026-06-21T18:15:32+05:30,398,T01,Kothrud
7248086131,6537147321,2026-06-21T18:36:16+05:30,548,T10,Baner
7400842710,9800025787,2026-06-21T19:43:01+05:30,1405,T07,Hinjewadi
8658404499,6537147321,2026-06-21T21:34:26+05:30,1678,T02,Shivajinagar
7165585239,9662702895,2026-06-21T23:01:39+05:30,1556,T04,Warje
8925556258,6671902294,2026-06-21T23:25:36+05:30,1697,T04,Warje
9974801624,8981829922,2026-06-22T04:52:46+05:30,462,T06,Yerwada
9652775841,7327193745,2026-06-22T06:19:36+05:30,330,T06,Yerwada
7242102499,9429671756,2026-06-22T06:38:12+05:30,466,T02,Shivajinagar
9974801624,8650609835,2026-06-22T08:28:43+05:30,538,T10,Baner
7734670656,7947312172,2026-06-22T10:00:40+05:30,105,T06,Yerwada
6778528922,7067974034,2026-06-22T11:11:47+05:30,323,T08,Swargate
7729806990,7583132370,2026-06-22T11:34:55+05:30,253,T07,Hinjewadi
8925556258,7278774701,2026-06-22T12:54:40+05:30,605,T02,Shivajinagar
8512567468,7327193745,2026-06-22T13:23:30+05:30,1624,T07,Hinjewadi
9801824225,7729806990,2026-06-22T13:52:15+05:30,572,T01,Kothrud
7584143842,6469632595,2026-06-22T14:03:42+05:30,330,T09,Camp
8685574443,9533963605,2026-06-22T14:11:10+05:30,641,T01,Kothrud
6596401658,7067974034,2026-06-22T14:55:39+05:30,1255,T09,Camp
6671902294,7782639821,2026-06-22T15:04:23+05:30,84,T02,Shivajinagar
8717464887,7734670656,2026-06-22T16:49:23+05:30,1613,T02,Shivajinagar
9354549480,9800025787,2026-06-22T18:50:01+05:30,823,T04,Warje
8925556258,9533963605,2026-06-22T18:57:18+05:30,45,T03,Hadapsar
8713493618,9429671756,2026-06-22T22:14:41+05:30,1184,T03,Hadapsar
7165585239,9603859770,2026-06-22T23:49:45+05:30,1384,T05,Kondhwa
9662702895,9127484677,2026-06-23T03:32:35+05:30,72,T09,Camp
9127484677,7400842710,2026-06-23T03:45:39+05:30,861,T10,Baner
8777520471,9873395004,2026-06-23T04:36:12+05:30,1179,T01,Kothrud
7248086131,7482477109,2026-06-23T05:46:16+05:30,411,T03,Hadapsar
8690927557,9155188442,2026-06-23T06:01:28+05:30,1587,T10,Baner
6469632595,9127484677,2026-06-23T06:03:19+05:30,1267,T06,Yerwada
6671902294,9873395004,2026-06-23T06:29:16+05:30,40,T03,Hadapsar
9155188442,7947312172,2026-06-23T11:30:52+05:30,366,T02,Shivajinagar
8713493618,6586518506,2026-06-23T11:55:57+05:30,1507,T01,Kothrud
9165726284,7327193745,2026-06-23T12:32:31+05:30,1444,T06,Yerwada
6715451680,8685574443,2026-06-23T14:10:10+05:30,73,T04,Warje
7991241904,6531003309,2026-06-23T14:34:19+05:30,30,T06,Yerwada
6351823374,8134352408,2026-06-23T14:47:10+05:30,1347,T06,Yerwada
6627204653,8512567468,2026-06-23T16:57:30+05:30,1487,T07,Hinjewadi
8777520471,9662702895,2026-06-23T17:09:05+05:30,817,T10,Baner
8981829922,9127484677,2026-06-23T18:48:56+05:30,947,T02,Shivajinagar
8512567468,9169284511,2026-06-23T19:10:46+05:30,821,T08,Swargate
9190659401,9556464170,2026-06-23T21:07:47+05:30,663,T05,Kondhwa
9631931491,6586518506,2026-06-23T21:19:40+05:30,1157,T02,Shivajinagar
9169284511,7583132370,2026-06-23T21:46:27+05:30,134,T07,Hinjewadi
8447962757,9169284511,2026-06-23T21:51:25+05:30,325,T08,Swargate
7734670656,9155188442,2026-06-23T21:52:37+05:30,1591,T05,Kondhwa
7782639821,9873395004,2026-06-23T22:23:14+05:30,1111,T03,Hadapsar
9155188442,6627204653,2026-06-23T23:03:06+05:30,50,T04,Warje
6143634957,8981829922,2026-06-23T23:13:51+05:30,829,T08,Swargate
9127484677,6715451680,2026-06-24T00:54:57+05:30,999,T10,Baner
9631931491,9190659401,2026-06-24T02:11:35+05:30,1702,T07,Hinjewadi
6596401658,8713493618,2026-06-24T03:31:01+05:30,1418,T05,Kondhwa
9127484677,6671902294,2026-06-24T06:03:20+05:30,992,T01,Kothrud
9556464170,6627204653,2026-06-24T06:22:03+05:30,216,T09,Camp
9165726284,7029702135,2026-06-24T08:31:08+05:30,657,T08,Swargate
6469632595,8710276773,2026-06-24T08:56:34+05:30,873,T09,Camp
8777520471,8650609835,2026-06-24T11:20:29+05:30,359,T04,Warje
8512567468,8690927557,2026-06-24T11:58:36+05:30,1215,T02,Shivajinagar
9155188442,9774964990,2026-06-24T12:01:57+05:30,479,T04,Warje
7327193745,9769453147,2026-06-24T12:29:05+05:30,598,T02,Shivajinagar
9278755886,7482477109,2026-06-24T12:34:27+05:30,1265,T08,Swargate
9769453147,7991241904,2026-06-24T12:55:36+05:30,1681,T09,Camp
9631931491,9165726284,2026-06-24T13:15:29+05:30,1004,T08,Swargate
9278755886,8658404499,2026-06-24T14:25:01+05:30,1692,T01,Kothrud
6715451680,8900109439,2026-06-24T15:34:14+05:30,353,T06,Yerwada
8710276773,9533963605,2026-06-24T16:23:52+05:30,1731,T05,Kondhwa
8134352408,6537147321,2026-06-24T16:25:38+05:30,52,T02,Shivajinagar
9774964990,9769453147,2026-06-24T16:53:48+05:30,1222,T03,Hadapsar
6671902294,8981829922,2026-06-24T17:02:41+05:30,1185,T01,Kothrud
8900109439,7248086131,2026-06-24T17:04:31+05:30,1165,T06,Yerwada
9429671756,6596401658,2026-06-24T18:24:31+05:30,1332,T03,Hadapsar
6351823374,8134352408,2026-06-24T18:35:06+05:30,974,T03,Hadapsar
9169284511,9556464170,2026-06-24T19:28:02+05:30,146,T04,Warje
6928565431,9769453147,2026-06-24T22:12:09+05:30,319,T02,Shivajinagar
7729806990,8717464887,2026-06-24T22:33:33+05:30,183,T08,Swargate
7136783777,9873395004,2026-06-24T23:41:59+05:30,599,T09,Camp
6671902294,7584143842,2026-06-25T02:13:22+05:30,1226,T10,Baner
8168784991,9974801624,2026-06-25T05:56:25+05:30,1543,T01,Kothrud
6351823374,9662702895,2026-06-25T07:08:40+05:30,1496,T04,Warje
6469632595,6351823374,2026-06-25T07:40:10+05:30,1744,T01,Kothrud
9873395004,8168784991,2026-06-25T07:47:53+05:30,901,T09,Camp
8713493618,6928565431,2026-06-25T07:50:08+05:30,973,T07,Hinjewadi
6143634957,9873395004,2026-06-25T08:06:26+05:30,922,T01,Kothrud
7029702135,6778528922,2026-06-25T09:18:00+05:30,1706,T07,Hinjewadi
9769453147,9652775841,2026-06-25T10:10:19+05:30,23,T03,Hadapsar
7327193745,9190659401,2026-06-25T10:53:08+05:30,1372,T07,Hinjewadi
9165726284,9190659401,2026-06-25T11:33:57+05:30,1752,T01,Kothrud
7729806990,7734670656,2026-06-25T11:47:59+05:30,649,T06,Yerwada
7729806990,6778528922,2026-06-25T13:26:08+05:30,938,T07,Hinjewadi
7327193745,8447962757,2026-06-25T13:28:32+05:30,1293,T08,Swargate
8447962757,8713493618,2026-06-25T14:01:47+05:30,77,T04,Warje
8447962757,6778528922,2026-06-25T15:04:14+05:30,926,T08,Swargate
7029702135,6596401658,2026-06-25T15:13:03+05:30,473,T02,Shivajinagar
6537147321,8650609835,2026-06-25T15:32:30+05:30,701,T10,Baner
7165585239,9662702895,2026-06-25T15:45:19+05:30,1096,T04,Warje
9907844736,7482477109,2026-06-25T15:46:45+05:30,546,T05,Kondhwa
7400842710,6671902294,2026-06-25T18:06:15+05:30,15,T07,Hinjewadi
9769453147,9556464170,2026-06-25T19:32:16+05:30,931,T02,Shivajinagar
7327193745,7583132370,2026-06-25T20:51:21+05:30,945,T02,Shivajinagar
8713493618,8717464887,2026-06-25T21:16:15+05:30,1238,T10,Baner
7991241904,8447962757,2026-06-25T22:35:43+05:30,1750,T03,Hadapsar
8658404499,8777520471,2026-06-25T23:11:29+05:30,12,T08,Swargate
9533963605,9662702895,2026-06-25T23:33:50+05:30,841,T04,Warje
9873395004,7248086131,2026-06-26T01:17:49+05:30,1159,T04,Warje
9801824225,6531003309,2026-06-26T04:06:23+05:30,1083,T07,Hinjewadi
6715451680,7136783777,2026-06-26T04:19:04+05:30,753,T02,Shivajinagar
9165726284,8447962757,2026-06-26T05:01:01+05:30,1458,T06,Yerwada
8710276773,8134352408,2026-06-26T06:05:44+05:30,142,T01,Kothrud
9907844736,9603859770,2026-06-26T06:43:16+05:30,66,T05,Kondhwa
6928565431,7990490278,2026-06-26T06:53:55+05:30,354,T08,Swargate
7278774701,9533963605,2026-06-26T07:21:34+05:30,1350,T05,Kondhwa
9127484677,9873395004,2026-06-26T07:30:47+05:30,332,T02,Shivajinagar
9429671756,8895782911,2026-06-26T07:47:23+05:30,100,T06,Yerwada
8512567468,6778528922,2026-06-26T08:07:05+05:30,1400,T02,Shivajinagar
6586518506,8713493618,2026-06-26T08:41:05+05:30,37,T10,Baner
7734670656,6627204653,2026-06-26T08:50:31+05:30,811,T06,Yerwada
7136783777,6143634957,2026-06-26T10:53:49+05:30,1576,T06,Yerwada
9190659401,7990490278,2026-06-26T10:54:50+05:30,1521,T01,Kothrud
7947312172,8690927557,2026-06-26T11:02:55+05:30,173,T06,Yerwada
7067974034,9429671756,2026-06-26T11:10:15+05:30,1391,T10,Baner
8685574443,8168784991,2026-06-26T11:13:50+05:30,1711,T04,Warje
8512567468,8895782911,2026-06-26T12:02:51+05:30,1134,T06,Yerwada
6778528922,8895782911,2026-06-26T12:35:25+05:30,1131,T03,Hadapsar
8690927557,6586518506,2026-06-26T14:09:10+05:30,1445,T07,Hinjewadi
9169284511,9631931491,2026-06-26T14:37:48+05:30,263,T06,Yerwada
8134352408,8981829922,2026-06-26T14:41:02+05:30,236,T01,Kothrud
9631931491,6778528922,2026-06-26T14:46:08+05:30,1585,T06,Yerwada
8134352408,9127484677,2026-06-26T15:23:13+05:30,621,T09,Camp
7990490278,9165726284,2026-06-26T15:29:42+05:30,1536,T09,Camp
9278755886,8168784991,2026-06-26T16:01:19+05:30,474,T04,Warje
6778528922,8690927557,2026-06-26T16:12:51+05:30,93,T04,Warje
9278755886,8710276773,2026-06-26T17:07:59+05:30,756,T06,Yerwada
6278681447,7799650752,2026-06-26T17:20:05+05:30,58,T07,Hinjewadi
9169284511,7990490278,2026-06-26T18:56:38+05:30,639,T08,Swargate
8777520471,8710276773,2026-06-26T19:10:22+05:30,1323,T09,Camp
8710276773,8685574443,2026-06-26T20:23:43+05:30,1513,T01,Kothrud
7067974034,9429671756,2026-06-26T20:59:20+05:30,577,T07,Hinjewadi
7278774701,7400842710,2026-06-26T21:13:04+05:30,830,T10,Baner
8900109439,8777520471,2026-06-26T21:28:08+05:30,522,T10,Baner
8900109439,8710276773,2026-06-26T22:22:40+05:30,1132,T09,Camp
7991241904,6334123281,2026-06-26T22:41:20+05:30,269,T02,Shivajinagar
6351823374,9800025787,2026-06-26T23:47:44+05:30,1183,T09,Camp
9429671756,9556464170,2026-06-27T01:48:58+05:30,1190,T03,Hadapsar
8447962757,7947312172,2026-06-27T02:02:05+05:30,1745,T03,Hadapsar
8685574443,8134352408,2026-06-27T05:10:44+05:30,439,T01,Kothrud
6778528922,7947312172,2026-06-27T05:19:48+05:30,82,T02,Shivajinagar
8713493618,7990490278,2026-06-27T05:34:34+05:30,1715,T01,Kothrud
9974801624,9662702895,2026-06-27T05:38:59+05:30,693,T09,Camp
8447962757,7242102499,2026-06-27T06:42:52+05:30,1294,T03,Hadapsar
7482477109,9127484677,2026-06-27T06:51:41+05:30,1510,T03,Hadapsar
7327193745,7991241904,2026-06-27T06:59:11+05:30,1650,T10,Baner
8685574443,6143634957,2026-06-27T07:17:10+05:30,1106,T09,Camp
6334123281,7583132370,2026-06-27T07:22:48+05:30,507,T02,Shivajinagar
6596401658,6586518506,2026-06-27T07:24:21+05:30,15,T10,Baner
8777520471,9533963605,2026-06-27T07:37:12+05:30,1285,T01,Kothrud
6318699938,9652775841,2026-06-27T07:41:50+05:30,162,T01,Kothrud
9190659401,6531003309,2026-06-27T07:59:35+05:30,1026,T03,Hadapsar
7278774701,6143634957,2026-06-27T08:27:53+05:30,539,T01,Kothrud
7734670656,6278681447,2026-06-27T08:33:18+05:30,763,T04,Warje
9907844736,7165585239,2026-06-27T09:09:38+05:30,663,T01,Kothrud
9974801624,7584143842,2026-06-27T09:26:58+05:30,40,T02,Shivajinagar
9769453147,9429671756,2026-06-27T09:30:09+05:30,1029,T08,Swargate
9800025787,8710276773,2026-06-27T10:00:10+05:30,796,T10,Baner
8713493618,7583132370,2026-06-27T10:27:57+05:30,865,T03,Hadapsar
9774964990,7990490278,2026-06-27T11:39:26+05:30,1591,T04,Warje
9127484677,8981829922,2026-06-27T11:47:47+05:30,482,T05,Kondhwa
9278755886,6671902294,2026-06-27T12:18:08+05:30,1528,T01,Kothrud
7482477109,9278755886,2026-06-27T12:27:46+05:30,270,T08,Swargate
9429671756,6278681447,2026-06-27T14:51:06+05:30,77,T01,Kothrud
9354549480,6351823374,2026-06-27T15:11:56+05:30,49,T02,Shivajinagar
8685574443,8710276773,2026-06-27T15:24:49+05:30,1044,T08,Swargate
7482477109,8134352408,2026-06-27T16:14:44+05:30,620,T02,Shivajinagar
8713493618,9155188442,2026-06-27T17:13:38+05:30,526,T01,Kothrud
9662702895,9603859770,2026-06-27T19:06:47+05:30,468,T08,Swargate
9662702895,9907844736,2026-06-27T19:41:35+05:30,553,T06,Yerwada
7327193745,7990490278,2026-06-27T20:53:09+05:30,126,T04,Warje
9603859770,8710276773,2026-06-27T21:57:45+05:30,1191,T07,Hinjewadi
8777520471,9974801624,2026-06-27T23:07:06+05:30,394,T08,Swargate
9873395004,8900109439,2026-06-28T00:53:05+05:30,214,T08,Swargate
9873395004,7278774701,2026-06-28T01:30:49+05:30,907,T06,Yerwada
9127484677,8650609835,2026-06-28T04:30:55+05:30,1517,T07,Hinjewadi
9190659401,7799650752,2026-06-28T04:49:03+05:30,1408,T09,Camp
8981829922,8658404499,2026-06-28T05:09:11+05:30,466,T09,Camp
6671902294,9354549480,2026-06-28T06:16:43+05:30,125,T01,Kothrud
7583132370,7990490278,2026-06-28T06:18:20+05:30,1321,T01,Kothrud
9800025787,8685574443,2026-06-28T06:41:34+05:30,1299,T05,Kondhwa
7482477109,7165585239,2026-06-28T07:48:54+05:30,618,T04,Warje
9127484677,6469632595,2026-06-28T08:14:51+05:30,582,T05,Kondhwa
9769453147,8447962757,2026-06-28T08:56:55+05:30,621,T02,Shivajinagar
7734670656,9652775841,2026-06-28T09:43:28+05:30,42,T05,Kondhwa
8895782911,6334123281,2026-06-28T09:46:26+05:30,18,T09,Camp
9190659401,9165726284,2026-06-28T09:59:00+05:30,848,T04,Warje
7482477109,8134352408,2026-06-28T11:00:54+05:30,1607,T06,Yerwada
7729806990,9631931491,2026-06-28T11:12:23+05:30,935,T06,Yerwada
6596401658,8690927557,2026-06-28T11:31:04+05:30,1657,T10,Baner
7242102499,9155188442,2026-06-28T11:38:11+05:30,1529,T04,Warje
9155188442,7947312172,2026-06-28T11:53:46+05:30,1272,T02,Shivajinagar
8925556258,7136783777,2026-06-28T11:53:56+05:30,709,T03,Hadapsar
6928565431,9652775841,2026-06-28T12:07:47+05:30,79,T04,Warje
9127484677,8981829922,2026-06-28T12:45:01+05:30,663,T09,Camp
8512567468,7583132370,2026-06-28T13:11:55+05:30,1786,T05,Kondhwa
9631931491,7067974034,2026-06-28T14:01:19+05:30,472,T01,Kothrud
9631931491,7067974034,2026-06-28T15:40:29+05:30,1270,T02,Shivajinagar
8168784991,6143634957,2026-06-28T16:44:46+05:30,1413,T02,Shivajinagar
9155188442,6928565431,2026-06-28T16:56:41+05:30,129,T03,Hadapsar
7400842710,6469632595,2026-06-28T17:53:21+05:30,1447,T09,Camp
6537147321,7584143842,2026-06-28T18:13:45+05:30,875,T03,Hadapsar
6531003309,8447962757,2026-06-28T18:13:49+05:30,1646,T09,Camp
9974801624,6143634957,2026-06-28T18:52:59+05:30,1444,T06,Yerwada
9603859770,8658404499,2026-06-28T19:13:15+05:30,896,T02,Shivajinagar
7482477109,7400842710,2026-06-28T20:36:49+05:30,1273,T09,Camp
6596401658,6928565431,2026-06-28T20:50:23+05:30,1735,T02,Shivajinagar
9354549480,6469632595,2026-06-28T22:24:17+05:30,438,T08,Swargate
8168784991,8925556258,2026-06-28T22:56:40+05:30,1647,T08,Swargate
7734670656,8713493618,2026-06-28T23:03:00+05:30,1689,T09,Camp
9769453147,6334123281,2026-06-28T23:04:16+05:30,1512,T05,Kondhwa
7782639821,6351823374,2026-06-28T23:51:11+05:30,99,T06,Yerwada
9278755886,7278774701,2026-06-29T04:03:59+05:30,557,T09,Camp
8895782911,7029702135,2026-06-29T04:08:56+05:30,1744,T04,Warje
6334123281,8895782911,2026-06-29T05:40:58+05:30,505,T02,Shivajinagar
6596401658,6778528922,2026-06-29T07:39:09+05:30,1699,T06,Yerwada
8134352408,9974801624,2026-06-29T10:39:09+05:30,1145,T03,Hadapsar
8168784991,6469632595,2026-06-29T11:08:15+05:30,1044,T08,Swargate
9533963605,7248086131,2026-06-29T11:53:29+05:30,507,T06,Yerwada
8717464887,9774964990,2026-06-29T12:14:31+05:30,551,T08,Swargate
7136783777,7782639821,2026-06-29T12:30:27+05:30,1450,T07,Hinjewadi
9190659401,9631931491,2026-06-29T12:35:26+05:30,670,T09,Camp
7278774701,9354549480,2026-06-29T13:30:22+05:30,179,T08,Swargate
8678669125,7029702135,2026-06-29T13:56:09+05:30,1342,T03,Hadapsar
7482477109,7136783777,2026-06-29T16:26:49+05:30,665,T02,Shivajinagar
9127484677,7136783777,2026-06-29T16:38:40+05:30,962,T09,Camp
7248086131,7482477109,2026-06-29T18:06:27+05:30,187,T02,Shivajinagar
8777520471,6469632595,2026-06-29T18:21:40+05:30,1300,T09,Camp
6671902294,6143634957,2026-06-29T18:44:30+05:30,1647,T02,Shivajinagar
6537147321,7136783777,2026-06-29T19:54:31+05:30,1381,T01,Kothrud
8447962757,9190659401,2026-06-29T20:19:30+05:30,941,T02,Shivajinagar
7799650752,6778528922,2026-06-29T21:20:27+05:30,1290,T03,Hadapsar
6278681447,6627204653,2026-06-29T21:27:52+05:30,135,T10,Baner
7990490278,8713493618,2026-06-29T22:31:19+05:30,1138,T01,Kothrud
8685574443,7136783777,2026-06-30T03:12:54+05:30,1111,T06,Yerwada
7327193745,9169284511,2026-06-30T06:42:52+05:30,611,T06,Yerwada
7947312172,7067974034,2026-06-30T07:18:22+05:30,1531,T09,Camp
7991241904,9429671756,2026-06-30T08:18:55+05:30,1594,T07,Hinjewadi
9169284511,7729806990,2026-06-30T08:43:08+05:30,951,T01,Kothrud
7990490278,6627204653,2026-06-30T08:49:40+05:30,945,T05,Kondhwa
7584143842,6671902294,2026-06-30T09:11:06+05:30,474,T05,Kondhwa
7991241904,8447962757,2026-06-30T09:17:59+05:30,1697,T02,Shivajinagar
7584143842,7165585239,2026-06-30T09:31:54+05:30,1648,T06,Yerwada
9774964990,7729806990,2026-06-30T11:57:08+05:30,1331,T07,Hinjewadi
8447962757,9769453147,2026-06-30T12:41:12+05:30,308,T08,Swargate
9190659401,7242102499,2026-06-30T13:09:43+05:30,1136,T09,Camp
9801824225,6928565431,2026-06-30T14:54:25+05:30,403,T04,Warje
9907844736,7782639821,2026-06-30T15:23:10+05:30,609,T09,Camp
6469632595,7782639821,2026-06-30T16:41:28+05:30,229,T01,Kothrud
6537147321,8685574443,2026-06-30T16:52:22+05:30,386,T08,Swargate
6351823374,8168784991,2026-06-30T17:37:53+05:30,63,T01,Kothrud
8900109439,8925556258,2026-06-30T17:52:26+05:30,1217,T10,Baner
6537147321,7278774701,2026-06-30T17:56:06+05:30,1529,T05,Kondhwa
8895782911,7991241904,2026-06-30T18:26:51+05:30,1235,T01,Kothrud
9769453147,8690927557,2026-06-30T19:28:24+05:30,749,T02,Shivajinagar
9801824225,7990490278,2026-06-30T20:03:09+05:30,522,T10,Baner
6586518506,9155188442,2026-06-30T21:11:32+05:30,354,T08,Swargate
7799650752,8895782911,2026-06-30T22:18:44+05:30,205,T08,Swargate
9800025787,8650609835,2026-06-30T23:11:37+05:30,1179,T04,Warje
8678669125,8690927557,2026-06-30T23:36:03+05:30,361,T05,Kondhwa
9800025787,7248086131,2026-07-01T02:06:45+05:30,529,T06,Yerwada
8658404499,8650609835,2026-07-01T03:13:04+05:30,850,T10,Baner
8512567468,6278681447,2026-07-01T04:18:57+05:30,206,T01,Kothrud
6143634957,7482477109,2026-07-01T04:48:08+05:30,1212,T04,Warje
8134352408,6715451680,2026-07-01T06:08:07+05:30,426,T09,Camp
7248086131,9800025787,2026-07-01T07:10:30+05:30,1501,T07,Hinjewadi
7029702135,9631931491,2026-07-01T07:19:34+05:30,235,T08,Swargate
7990490278,7327193745,2026-07-01T07:46:32+05:30,635,T04,Warje
7278774701,9278755886,2026-07-01T10:18:12+05:30,852,T06,Yerwada
9165726284,7729806990,2026-07-01T11:00:21+05:30,1660,T03,Hadapsar
6334123281,8678669125,2026-07-01T12:07:25+05:30,1452,T03,Hadapsar
7482477109,9662702895,2026-07-01T12:32:17+05:30,596,T08,Swargate
6351823374,6143634957,2026-07-01T12:39:51+05:30,161,T02,Shivajinagar
7584143842,6715451680,2026-07-01T12:49:30+05:30,639,T04,Warje
7248086131,9127484677,2026-07-01T13:43:34+05:30,1636,T10,Baner
9127484677,7165585239,2026-07-01T14:42:06+05:30,1551,T05,Kondhwa
6537147321,7136783777,2026-07-01T14:47:58+05:30,1738,T01,Kothrud
6671902294,8900109439,2026-07-01T15:08:16+05:30,1458,T03,Hadapsar
7136783777,8650609835,2026-07-01T16:31:54+05:30,809,T10,Baner
7029702135,7729806990,2026-07-01T16:33:16+05:30,196,T05,Kondhwa
8690927557,9631931491,2026-07-01T16:58:33+05:30,951,T08,Swargate
7583132370,7799650752,2026-07-01T17:01:22+05:30,703,T01,Kothrud
8447962757,6334123281,2026-07-01T17:06:15+05:30,228,T06,Yerwada
9190659401,9169284511,2026-07-01T17:39:37+05:30,204,T02,Shivajinagar
9155188442,9190659401,2026-07-01T18:01:28+05:30,119,T10,Baner
8900109439,9907844736,2026-07-01T18:48:39+05:30,881,T05,Kondhwa
8925556258,7584143842,2026-07-01T19:56:36+05:30,1546,T04,Warje
6351823374,6671902294,2026-07-01T22:18:44+05:30,1761,T08,Swargate
7584143842,6537147321,2026-07-01T23:20:44+05:30,809,T02,Shivajinagar
7278774701,8710276773,2026-07-01T23:25:34+05:30,374,T05,Kondhwa
7990490278,9769453147,2026-07-01T23:46:41+05:30,1262,T07,Hinjewadi
9801824225,9165726284,2026-07-01T23:54:16+05:30,929,T06,Yerwada
9169284511,8895782911,2026-07-02T03:25:02+05:30,236,T03,Hadapsar
8710276773,9603859770,2026-07-02T04:05:05+05:30,398,T02,Shivajinagar
8685574443,9603859770,2026-07-02T05:41:50+05:30,1779,T03,Hadapsar
6143634957,9127484677,2026-07-02T08:48:52+05:30,1466,T02,Shivajinagar
7799650752,8447962757,2026-07-02T08:51:44+05:30,1283,T05,Kondhwa
8713493618,6928565431,2026-07-02T08:54:10+05:30,660,T05,Kondhwa
6586518506,8713493618,2026-07-02T11:32:23+05:30,1012,T07,Hinjewadi
8678669125,9190659401,2026-07-02T11:33:04+05:30,1299,T01,Kothrud
7799650752,6778528922,2026-07-02T11:41:14+05:30,1680,T03,Hadapsar
7482477109,9907844736,2026-07-02T12:37:55+05:30,1161,T06,Yerwada
9533963605,8658404499,2026-07-02T14:28:17+05:30,951,T04,Warje
7947312172,6586518506,2026-07-02T15:37:24+05:30,783,T10,Baner
8650609835,9354549480,2026-07-02T15:49:18+05:30,320,T08,Swargate
8717464887,7242102499,2026-07-02T17:13:43+05:30,740,T05,Kondhwa
7278774701,8168784991,2026-07-02T17:40:21+05:30,341,T05,Kondhwa
9127484677,7400842710,2026-07-02T18:21:37+05:30,121,T10,Baner
9278755886,6537147321,2026-07-02T18:42:04+05:30,278,T05,Kondhwa
9652775841,7991241904,2026-07-02T19:18:10+05:30,602,T10,Baner
8713493618,6627204653,2026-07-02T21:29:28+05:30,203,T09,Camp
7165585239,7400842710,2026-07-02T21:53:52+05:30,1289,T04,Warje
6778528922,6596401658,2026-07-02T22:37:11+05:30,1750,T01,Kothrud
9774964990,9429671756,2026-07-02T23:06:06+05:30,1430,T05,Kondhwa
6469632595,7278774701,2026-07-02T23:41:42+05:30,1163,T04,Warje
8900109439,9127484677,2026-07-02T23:46:05+05:30,803,T01,Kothrud
7734670656,6586518506,2026-07-03T03:36:46+05:30,451,T02,Shivajinagar
7327193745,9774964990,2026-07-03T04:14:09+05:30,145,T01,Kothrud
7278774701,6143634957,2026-07-03T05:24:50+05:30,842,T01,Kothrud
8447962757,8895782911,2026-07-03T05:27:23+05:30,494,T07,Hinjewadi
7136783777,6143634957,2026-07-03T05:56:28+05:30,252,T07,Hinjewadi
7991241904,8678669125,2026-07-03T06:30:20+05:30,295,T04,Warje
9556464170,6278681447,2026-07-03T06:56:26+05:30,1675,T01,Kothrud
7248086131,7400842710,2026-07-03T07:22:03+05:30,1289,T01,Kothrud
7482477109,8777520471,2026-07-03T07:30:05+05:30,1578,T09,Camp
8650609835,7400842710,2026-07-03T08:37:50+05:30,205,T02,Shivajinagar
9769453147,9169284511,2026-07-03T08:52:19+05:30,1639,T04,Warje
6778528922,8717464887,2026-07-03T09:23:25+05:30,1549,T08,Swargate
6596401658,7947312172,2026-07-03T10:00:05+05:30,1028,T01,Kothrud
8717464887,9652775841,2026-07-03T10:10:06+05:30,1697,T09,Camp
7990490278,6928565431,2026-07-03T10:19:43+05:30,443,T09,Camp
9169284511,6627204653,2026-07-03T10:42:43+05:30,522,T06,Yerwada
8685574443,8134352408,2026-07-03T10:52:26+05:30,720,T03,Hadapsar
9278755886,7782639821,2026-07-03T11:32:37+05:30,1484,T03,Hadapsar
7990490278,7029702135,2026-07-03T12:34:02+05:30,290,T01,Kothrud
7584143842,7400842710,2026-07-03T12:35:51+05:30,1774,T06,Yerwada
6531003309,8713493618,2026-07-03T14:03:08+05:30,167,T07,Hinjewadi
9429671756,7947312172,2026-07-03T14:10:25+05:30,290,T02,Shivajinagar
7734670656,6627204653,2026-07-03T14:39:37+05:30,97,T02,Shivajinagar
7782639821,7482477109,2026-07-03T15:41:42+05:30,541,T04,Warje
9873395004,8658404499,2026-07-03T16:00:14+05:30,500,T07,Hinjewadi
9801824225,6596401658,2026-07-03T17:40:34+05:30,31,T02,Shivajinagar
7991241904,7990490278,2026-07-03T18:11:05+05:30,1514,T08,Swargate
7734670656,9190659401,2026-07-03T18:28:07+05:30,1554,T06,Yerwada
6351823374,7482477109,2026-07-03T18:48:50+05:30,1609,T09,Camp
7799650752,9774964990,2026-07-03T19:26:59+05:30,1642,T08,Swargate
6778528922,9169284511,2026-07-03T20:19:02+05:30,1564,T03,Hadapsar
6531003309,8447962757,2026-07-03T20:43:39+05:30,617,T01,Kothrud
8895782911,7799650752,2026-07-03T21:15:42+05:30,956,T07,Hinjewadi
8895782911,7583132370,2026-07-03T22:38:43+05:30,1323,T03,Hadapsar
8685574443,7400842710,2026-07-03T23:16:52+05:30,720,T10,Baner
6671902294,7584143842,2026-07-03T23:56:48+05:30,1143,T09,Camp
6143634957,8777520471,2026-07-04T00:43:46+05:30,1526,T03,Hadapsar
6351823374,9127484677,2026-07-04T03:02:37+05:30,427,T09,Camp
7990490278,6627204653,2026-07-04T04:26:35+05:30,1555,T10,Baner
9354549480,9127484677,2026-07-04T04:45:22+05:30,1020,T02,Shivajinagar
6531003309,9155188442,2026-07-04T05:39:16+05:30,868,T04,Warje
9155188442,7734670656,2026-07-04T06:24:39+05:30,865,T01,Kothrud
9907844736,8900109439,2026-07-04T06:35:00+05:30,830,T08,Swargate
6778528922,6627204653,2026-07-04T08:13:17+05:30,928,T06,Yerwada
7327193745,6531003309,2026-07-04T09:09:12+05:30,1679,T09,Camp
9631931491,7734670656,2026-07-04T10:25:09+05:30,305,T08,Swargate
7278774701,8134352408,2026-07-04T11:26:05+05:30,760,T05,Kondhwa
9974801624,6469632595,2026-07-04T11:35:24+05:30,1246,T05,Kondhwa
9165726284,7947312172,2026-07-04T13:00:56+05:30,26,T06,Yerwada
9429671756,8713493618,2026-07-04T13:05:40+05:30,1701,T04,Warje
9800025787,8900109439,2026-07-04T13:29:07+05:30,1356,T07,Hinjewadi
6715451680,8650609835,2026-07-04T14:26:19+05:30,1542,T04,Warje
6671902294,8777520471,2026-07-04T15:02:19+05:30,613,T03,Hadapsar
9278755886,9907844736,2026-07-04T15:41:38+05:30,576,T04,Warje
8925556258,6537147321,2026-07-04T15:43:23+05:30,1274,T08,Swargate
7136783777,6671902294,2026-07-04T15:47:00+05:30,1116,T10,Baner
8650609835,7482477109,2026-07-04T16:03:54+05:30,1188,T03,Hadapsar
9354549480,8777520471,2026-07-04T16:25:48+05:30,1271,T10,Baner
9127484677,6537147321,2026-07-04T20:49:58+05:30,431,T08,Swargate
9155188442,9652775841,2026-07-04T20:54:03+05:30,1708,T08,Swargate
9533963605,7782639821,2026-07-04T20:58:18+05:30,1778,T10,Baner
8650609835,7248086131,2026-07-04T21:11:17+05:30,966,T05,Kondhwa
9190659401,7242102499,2026-07-04T21:29:08+05:30,325,T10,Baner
8168784991,7165585239,2026-07-04T21:40:56+05:30,46,T09,Camp
7165585239,6143634957,2026-07-04T21:45:58+05:30,1663,T07,Hinjewadi
6143634957,7584143842,2026-07-04T22:25:17+05:30,478,T08,Swargate
9278755886,9127484677,2026-07-04T23:27:28+05:30,1783,T07,Hinjewadi
9190659401,7327193745,2026-07-05T01:29:08+05:30,1270,T07,Hinjewadi
8685574443,9533963605,2026-07-05T01:45:26+05:30,539,T02,Shivajinagar
8134352408,7584143842,2026-07-05T02:25:09+05:30,409,T09,Camp
7067974034,8690927557,2026-07-05T08:39:47+05:30,992,T06,Yerwada
8900109439,7136783777,2026-07-05T12:35:51+05:30,1024,T05,Kondhwa
6586518506,6778528922,2026-07-05T12:40:56+05:30,1503,T03,Hadapsar
8900109439,7400842710,2026-07-05T13:12:39+05:30,966,T03,Hadapsar
9631931491,9155188442,2026-07-05T14:06:36+05:30,401,T07,Hinjewadi
6671902294,7482477109,2026-07-05T14:38:16+05:30,878,T08,Swargate
8512567468,7799650752,2026-07-05T15:56:11+05:30,775,T04,Warje
7029702135,6278681447,2026-07-05T18:52:59+05:30,597,T09,Camp
7136783777,6351823374,2026-07-05T19:54:59+05:30,1742,T08,Swargate
7734670656,9165726284,2026-07-05T20:14:04+05:30,169,T03,Hadapsar
6778528922,8447962757,2026-07-05T20:28:12+05:30,590,T04,Warje
9533963605,9354549480,2026-07-05T20:36:44+05:30,441,T09,Camp
9354549480,8685574443,2026-07-05T22:00:53+05:30,1596,T02,Shivajinagar
8981829922,9603859770,2026-07-05T22:48:52+05:30,45,T03,Hadapsar
6778528922,8690927557,2026-07-05T23:07:36+05:30,349,T01,Kothrud
8650609835,6469632595,2026-07-05T23:30:50+05:30,456,T03,Hadapsar
9873395004,6671902294,2026-07-05T23:35:52+05:30,91,T07,Hinjewadi
9801824225,7947312172,2026-07-05T23:40:14+05:30,1757,T09,Camp
9631931491,8690927557,2026-07-06T04:58:40+05:30,1762,T08,Swargate
7165585239,8168784991,2026-07-06T05:55:22+05:30,878,T07,Hinjewadi
8447962757,8690927557,2026-07-06T08:34:01+05:30,1369,T09,Camp
9662702895,7248086131,2026-07-06T09:34:08+05:30,782,T07,Hinjewadi
7799650752,9165726284,2026-07-06T09:37:08+05:30,1612,T05,Kondhwa
9127484677,8650609835,2026-07-06T09:40:09+05:30,402,T07,Hinjewadi
7482477109,8710276773,2026-07-06T09:46:05+05:30,101,T08,Swargate
7734670656,7327193745,2026-07-06T11:20:08+05:30,928,T01,Kothrud
6469632595,6715451680,2026-07-06T11:20:36+05:30,563,T05,Kondhwa
8713493618,7029702135,2026-07-06T11:52:28+05:30,842,T05,Kondhwa
7136783777,6469632595,2026-07-06T12:00:53+05:30,1061,T04,Warje
8168784991,7165585239,2026-07-06T12:10:29+05:30,780,T03,Hadapsar
6334123281,6531003309,2026-07-06T13:20:24+05:30,1247,T02,Shivajinagar
9769453147,6627204653,2026-07-06T13:37:52+05:30,900,T04,Warje
6351823374,7136783777,2026-07-06T14:18:29+05:30,1358,T09,Camp
6671902294,6351823374,2026-07-06T14:40:23+05:30,653,T09,Camp
9873395004,8900109439,2026-07-06T16:41:56+05:30,431,T03,Hadapsar
9652775841,9769453147,2026-07-06T17:34:18+05:30,109,T06,Yerwada
7327193745,7991241904,2026-07-06T18:00:52+05:30,1735,T10,Baner
7991241904,7327193745,2026-07-06T18:04:37+05:30,162,T10,Baner
7327193745,7991241904,2026-07-06T18:20:37+05:30,1045,T10,Baner
7991241904,7327193745,2026-07-06T18:22:58+05:30,731,T10,Baner
7327193745,7991241904,2026-07-06T18:23:06+05:30,1129,T10,Baner
7327193745,7991241904,2026-07-06T18:31:24+05:30,1716,T10,Baner
7327193745,7991241904,2026-07-06T18:33:33+05:30,1350,T10,Baner
9165726284,7734670656,2026-07-06T18:52:07+05:30,666,T07,Hinjewadi
9556464170,8512567468,2026-07-06T18:52:41+05:30,237,T05,Kondhwa
7327193745,7991241904,2026-07-06T19:02:15+05:30,1275,T10,Baner
7991241904,7327193745,2026-07-06T19:05:58+05:30,42,T10,Baner
7327193745,7991241904,2026-07-06T19:06:40+05:30,1120,T10,Baner
7327193745,7991241904,2026-07-06T19:26:06+05:30,1458,T10,Baner
7991241904,7327193745,2026-07-06T19:27:04+05:30,1272,T10,Baner
7991241904,7327193745,2026-07-06T19:27:36+05:30,953,T10,Baner
7991241904,7327193745,2026-07-06T19:27:37+05:30,1083,T10,Baner
7327193745,7991241904,2026-07-06T19:33:30+05:30,1573,T10,Baner
7990490278,9429671756,2026-07-06T19:37:06+05:30,706,T08,Swargate
7991241904,7327193745,2026-07-06T19:51:41+05:30,1575,T10,Baner
7327193745,7991241904,2026-07-06T19:52:10+05:30,1491,T10,Baner
9190659401,9774964990,2026-07-06T21:19:32+05:30,667,T09,Camp
8658404499,9873395004,2026-07-06T22:19:06+05:30,185,T08,Swargate
8168784991,6351823374,2026-07-06T22:57:38+05:30,1168,T08,Swargate
9127484677,6715451680,2026-07-06T23:02:26+05:30,1363,T02,Shivajinagar
6469632595,9278755886,2026-07-07T00:02:49+05:30,1380,T04,Warje
9165726284,6778528922,2026-07-07T04:05:02+05:30,336,T08,Swargate
8447962757,9801824225,2026-07-07T04:43:35+05:30,903,T08,Swargate
9127484677,8168784991,2026-07-07T05:47:41+05:30,322,T06,Yerwada
7165585239,9603859770,2026-07-07T05:52:43+05:30,696,T03,Hadapsar
6531003309,6928565431,2026-07-07T06:25:08+05:30,170,T10,Baner
9774964990,8690927557,2026-07-07T06:44:08+05:30,865,T05,Kondhwa
9769453147,7327193745,2026-07-07T07:10:16+05:30,141,T05,Kondhwa
6143634957,7782639821,2026-07-07T08:03:56+05:30,240,T02,Shivajinagar
6671902294,6715451680,2026-07-07T08:09:27+05:30,1730,T01,Kothrud
7991241904,8690927557,2026-07-07T08:24:43+05:30,341,T01,Kothrud
9354549480,9800025787,2026-07-07T08:29:31+05:30,1382,T01,Kothrud
8777520471,7482477109,2026-07-07T09:26:09+05:30,1228,T09,Camp
8134352408,8710276773,2026-07-07T09:27:31+05:30,821,T01,Kothrud
7799650752,9652775841,2026-07-07T09:32:11+05:30,701,T10,Baner
8168784991,8658404499,2026-07-07T10:00:31+05:30,1336,T09,Camp
6537147321,9974801624,2026-07-07T10:48:50+05:30,277,T08,Swargate
9556464170,9190659401,2026-07-07T12:55:02+05:30,1266,T09,Camp
9631931491,9169284511,2026-07-07T13:33:16+05:30,1005,T05,Kondhwa
8512567468,7734670656,2026-07-07T13:47:02+05:30,430,T02,Shivajinagar
6318699938,7734670656,2026-07-07T14:52:07+05:30,984,T09,Camp
8168784991,9873395004,2026-07-07T17:12:59+05:30,626,T01,Kothrud
8713493618,6334123281,2026-07-07T17:19:48+05:30,1324,T02,Shivajinagar
7400842710,7482477109,2026-07-07T17:34:01+05:30,1063,T04,Warje
9801824225,6928565431,2026-07-07T18:00:55+05:30,1114,T01,Kothrud
9801824225,8717464887,2026-07-07T18:12:53+05:30,1307,T02,Shivajinagar
9769453147,7734670656,2026-07-07T18:43:01+05:30,1493,T02,Shivajinagar
8895782911,7029702135,2026-07-07T18:58:09+05:30,1199,T02,Shivajinagar
7734670656,7583132370,2026-07-07T19:05:02+05:30,861,T07,Hinjewadi
8981829922,8710276773,2026-07-07T19:05:39+05:30,110,T01,Kothrud
7136783777,9800025787,2026-07-07T20:42:56+05:30,922,T09,Camp
9603859770,8710276773,2026-07-07T21:07:37+05:30,308,T09,Camp
9603859770,6143634957,2026-07-07T21:13:57+05:30,827,T09,Camp
6715451680,8981829922,2026-07-07T21:52:51+05:30,1297,T01,Kothrud
8134352408,7482477109,2026-07-07T22:02:47+05:30,623,T02,Shivajinagar
7136783777,8134352408,2026-07-07T22:05:09+05:30,1220,T04,Warje
7482477109,9278755886,2026-07-07T22:51:23+05:30,1756,T04,Warje
7029702135,6531003309,2026-07-07T23:05:01+05:30,1772,T01,Kothrud
9907844736,6469632595,2026-07-07T23:21:10+05:30,140,T03,Hadapsar
9354549480,6143634957,2026-07-07T23:57:02+05:30,1018,T06,Yerwada
6586518506,6334123281,2026-07-08T00:01:00+05:30,1162,T10,Baner
8678669125,8713493618,2026-07-08T04:12:11+05:30,533,T07,Hinjewadi
6278681447,9769453147,2026-07-08T04:16:32+05:30,615,T03,Hadapsar
7799650752,8690927557,2026-07-08T06:33:14+05:30,24,T03,Hadapsar
8925556258,9354549480,2026-07-08T06:38:18+05:30,507,T09,Camp
8447962757,9774964990,2026-07-08T07:00:35+05:30,1006,T06,Yerwada
9907844736,6537147321,2026-07-08T07:40:28+05:30,1266,T05,Kondhwa
8650609835,8685574443,2026-07-08T08:29:25+05:30,418,T07,Hinjewadi
9800025787,7278774701,2026-07-08T10:55:07+05:30,982,T01,Kothrud
9801824225,8690927557,2026-07-08T10:56:25+05:30,1329,T10,Baner
9769453147,9801824225,2026-07-08T11:12:44+05:30,1345,T06,Yerwada
8650609835,9603859770,2026-07-08T12:59:33+05:30,1220,T08,Swargate
9556464170,8713493618,2026-07-08T13:23:35+05:30,1673,T06,Yerwada
8512567468,7327193745,2026-07-08T13:26:33+05:30,1462,T07,Hinjewadi
6671902294,7248086131,2026-07-08T13:35:14+05:30,1014,T09,Camp
9907844736,8981829922,2026-07-08T13:38:04+05:30,444,T03,Hadapsar
7136783777,8981829922,2026-07-08T14:04:16+05:30,1156,T09,Camp
9127484677,8168784991,2026-07-08T14:26:15+05:30,810,T08,Swargate
6334123281,9556464170,2026-07-08T14:32:40+05:30,404,T09,Camp
6586518506,9631931491,2026-07-08T15:51:33+05:30,654,T07,Hinjewadi
7136783777,8710276773,2026-07-08T16:07:32+05:30,689,T10,Baner
6671902294,9662702895,2026-07-08T17:37:51+05:30,1640,T06,Yerwada
7729806990,6531003309,2026-07-08T18:18:17+05:30,787,T07,Hinjewadi
9800025787,9278755886,2026-07-08T18:28:21+05:30,280,T04,Warje
7947312172,6531003309,2026-07-08T20:22:31+05:30,1031,T06,Yerwada
7584143842,8650609835,2026-07-08T22:39:49+05:30,1407,T09,Camp
9873395004,6715451680,2026-07-08T23:53:34+05:30,57,T07,Hinjewadi
9974801624,9800025787,2026-07-09T03:42:17+05:30,452,T01,Kothrud
8658404499,8650609835,2026-07-09T05:57:39+05:30,1179,T09,Camp
9190659401,8447962757,2026-07-09T06:23:26+05:30,805,T04,Warje
7583132370,6586518506,2026-07-09T06:54:18+05:30,1172,T10,Baner
7734670656,8447962757,2026-07-09T07:47:09+05:30,748,T06,Yerwada
8895782911,7029702135,2026-07-09T08:43:26+05:30,1695,T09,Camp
7067974034,8690927557,2026-07-09T08:50:16+05:30,698,T03,Hadapsar
9429671756,9769453147,2026-07-09T09:18:21+05:30,1259,T03,Hadapsar
8895782911,7990490278,2026-07-09T09:41:16+05:30,720,T01,Kothrud
7400842710,8650609835,2026-07-09T10:11:48+05:30,1378,T08,Swargate
8900109439,8685574443,2026-07-09T10:27:02+05:30,1407,T01,Kothrud
7991241904,8717464887,2026-07-09T12:17:25+05:30,1707,T08,Swargate
9165726284,7242102499,2026-07-09T15:15:10+05:30,756,T05,Kondhwa
8981829922,9603859770,2026-07-09T15:35:15+05:30,1601,T01,Kothrud
7165585239,8925556258,2026-07-09T15:42:36+05:30,1155,T03,Hadapsar
6334123281,6278681447,2026-07-09T15:52:48+05:30,1457,T09,Camp
9533963605,9127484677,2026-07-09T16:09:52+05:30,1120,T02,Shivajinagar
9165726284,9631931491,2026-07-09T18:46:57+05:30,1637,T04,Warje
8777520471,8685574443,2026-07-09T19:08:33+05:30,985,T05,Kondhwa
7482477109,8168784991,2026-07-09T19:33:52+05:30,1173,T05,Kondhwa
6351823374,9873395004,2026-07-09T19:34:45+05:30,1161,T01,Kothrud
8690927557,6586518506,2026-07-09T19:51:21+05:30,1551,T03,Hadapsar
9652775841,8690927557,2026-07-09T20:54:33+05:30,1050,T07,Hinjewadi
6627204653,7734670656,2026-07-09T21:16:36+05:30,184,T09,Camp
7278774701,9533963605,2026-07-09T22:48:55+05:30,345,T01,Kothrud
7990490278,9155188442,2026-07-09T23:25:01+05:30,1019,T09,Camp
7165585239,8650609835,2026-07-10T04:04:00+05:30,1068,T05,Kondhwa
6715451680,6469632595,2026-07-10T04:17:35+05:30,412,T03,Hadapsar
9429671756,8713493618,2026-07-10T04:58:09+05:30,668,T08,Swargate
8713493618,9155188442,2026-07-10T05:03:05+05:30,130,T06,Yerwada
6469632595,9354549480,2026-07-10T05:34:38+05:30,734,T07,Hinjewadi
6278681447,9190659401,2026-07-10T05:37:01+05:30,1090,T09,Camp
7583132370,9155188442,2026-07-10T06:11:05+05:30,472,T09,Camp
8512567468,9774964990,2026-07-10T07:03:42+05:30,1726,T04,Warje
6671902294,6537147321,2026-07-10T08:12:17+05:30,290,T10,Baner
7799650752,9556464170,2026-07-10T09:14:18+05:30,1394,T10,Baner
8925556258,6469632595,2026-07-10T09:24:57+05:30,679,T04,Warje
6537147321,7400842710,2026-07-10T11:57:03+05:30,1622,T10,Baner
8777520471,7400842710,2026-07-10T11:59:08+05:30,951,T04,Warje
7278774701,8981829922,2026-07-10T12:25:45+05:30,1065,T10,Baner
9769453147,8690927557,2026-07-10T13:47:39+05:30,1653,T10,Baner
7067974034,9801824225,2026-07-10T14:52:41+05:30,894,T05,Kondhwa
9907844736,6469632595,2026-07-10T15:12:48+05:30,721,T08,Swargate
6715451680,8168784991,2026-07-10T15:18:10+05:30,187,T07,Hinjewadi
9662702895,9907844736,2026-07-10T16:56:53+05:30,1561,T10,Baner
9631931491,9169284511,2026-07-10T16:59:41+05:30,1403,T09,Camp
9800025787,9354549480,2026-07-10T17:27:40+05:30,143,T01,Kothrud
6586518506,8690927557,2026-07-10T18:45:35+05:30,1637,T09,Camp
9907844736,8650609835,2026-07-10T19:25:18+05:30,581,T09,Camp
8678669125,9769453147,2026-07-10T20:26:50+05:30,1372,T02,Shivajinagar
6531003309,9801824225,2026-07-10T21:40:06+05:30,73,T10,Baner
7278774701,8134352408,2026-07-10T21:49:09+05:30,999,T05,Kondhwa
6143634957,9662702895,2026-07-10T22:09:44+05:30,981,T02,Shivajinagar
9873395004,7400842710,2026-07-10T22:33:58+05:30,1510,T03,Hadapsar
6537147321,9907844736,2026-07-10T22:46:09+05:30,1070,T04,Warje
7278774701,7584143842,2026-07-10T22:49:22+05:30,889,T04,Warje
8134352408,9278755886,2026-07-10T23:30:28+05:30,674,T05,Kondhwa
6278681447,7734670656,2026-07-10T23:46:20+05:30,1018,T05,Kondhwa
9769453147,7947312172,2026-07-10T23:55:54+05:30,630,T08,Swargate
8925556258,8650609835,2026-07-11T01:10:05+05:30,1407,T07,Hinjewadi
7482477109,6537147321,2026-07-11T02:20:11+05:30,1492,T10,Baner
8447962757,7734670656,2026-07-11T04:22:21+05:30,304,T09,Camp
7136783777,8650609835,2026-07-11T06:17:34+05:30,1712,T02,Shivajinagar
9774964990,9631931491,2026-07-11T06:39:57+05:30,1419,T02,Shivajinagar
7242102499,8713493618,2026-07-11T06:59:42+05:30,849,T08,Swargate
7067974034,6278681447,2026-07-11T07:11:21+05:30,66,T07,Hinjewadi
8168784991,6143634957,2026-07-11T07:33:14+05:30,937,T02,Shivajinagar
6334123281,8713493618,2026-07-11T08:54:02+05:30,123,T04,Warje
9278755886,7400842710,2026-07-11T11:20:10+05:30,315,T01,Kothrud
6351823374,7136783777,2026-07-11T11:40:54+05:30,678,T04,Warje
7799650752,8678669125,2026-07-11T14:39:46+05:30,61,T08,Swargate
9165726284,9155188442,2026-07-11T16:14:17+05:30,1363,T04,Warje
7991241904,8447962757,2026-07-11T17:14:36+05:30,396,T07,Hinjewadi
9155188442,9652775841,2026-07-11T17:41:02+05:30,1572,T07,Hinjewadi
9974801624,9907844736,2026-07-11T17:50:57+05:30,66,T08,Swargate
9556464170,7067974034,2026-07-11T17:54:35+05:30,1520,T01,Kothrud
9907844736,6469632595,2026-07-11T18:54:30+05:30,1401,T03,Hadapsar
7734670656,8678669125,2026-07-11T20:42:01+05:30,507,T05,Kondhwa
6671902294,7248086131,2026-07-11T21:04:40+05:30,626,T04,Warje
8895782911,9769453147,2026-07-11T21:07:57+05:30,1343,T03,Hadapsar
7067974034,9556464170,2026-07-11T21:48:56+05:30,657,T08,Swargate
7782639821,6143634957,2026-07-11T21:51:56+05:30,24,T02,Shivajinagar
7782639821,8685574443,2026-07-11T22:20:30+05:30,1143,T06,Yerwada
9873395004,8981829922,2026-07-11T23:09:03+05:30,394,T02,Shivajinagar
9533963605,7248086131,2026-07-12T00:50:53+05:30,1561,T02,Shivajinagar
8925556258,7136783777,2026-07-12T03:26:08+05:30,37,T03,Hadapsar
8168784991,8710276773,2026-07-12T04:54:38+05:30,1430,T09,Camp
7278774701,8650609835,2026-07-12T05:09:06+05:30,235,T05,Kondhwa
6715451680,8685574443,2026-07-12T06:23:38+05:30,1697,T05,Kondhwa
7947312172,7729806990,2026-07-12T06:54:28+05:30,1228,T05,Kondhwa
7400842710,8134352408,2026-07-12T06:55:21+05:30,1533,T01,Kothrud
6627204653,9190659401,2026-07-12T07:21:24+05:30,1724,T03,Hadapsar
6928565431,8678669125,2026-07-12T07:40:56+05:30,619,T04,Warje
8685574443,7278774701,2026-07-12T08:01:25+05:30,979,T07,Hinjewadi
9165726284,7799650752,2026-07-12T08:47:19+05:30,1019,T03,Hadapsar
9801824225,9169284511,2026-07-12T09:01:42+05:30,651,T01,Kothrud
7136783777,8710276773,2026-07-12T09:04:11+05:30,938,T06,Yerwada
7165585239,7584143842,2026-07-12T09:13:23+05:30,198,T05,Kondhwa
9190659401,6778528922,2026-07-12T09:16:35+05:30,45,T04,Warje
9873395004,9907844736,2026-07-12T09:43:05+05:30,524,T04,Warje
7242102499,8713493618,2026-07-12T10:00:46+05:30,1456,T08,Swargate
8168784991,9873395004,2026-07-12T11:41:58+05:30,507,T09,Camp
8650609835,6351823374,2026-07-12T12:02:16+05:30,195,T03,Hadapsar
7782639821,6537147321,2026-07-12T12:56:53+05:30,662,T08,Swargate
8713493618,6531003309,2026-07-12T14:07:32+05:30,193,T10,Baner
6715451680,9354549480,2026-07-12T14:07:54+05:30,373,T01,Kothrud
7242102499,9631931491,2026-07-12T14:27:02+05:30,1797,T01,Kothrud
7782639821,8650609835,2026-07-12T15:10:03+05:30,1504,T10,Baner
6537147321,6715451680,2026-07-12T15:28:28+05:30,773,T07,Hinjewadi
6627204653,7583132370,2026-07-12T17:07:12+05:30,961,T02,Shivajinagar
9169284511,6778528922,2026-07-12T17:43:53+05:30,424,T09,Camp
8658404499,8168784991,2026-07-12T17:44:42+05:30,1316,T01,Kothrud
9974801624,7400842710,2026-07-12T17:56:04+05:30,198,T02,Shivajinagar
7400842710,6671902294,2026-07-12T18:15:18+05:30,1146,T09,Camp
7278774701,8710276773,2026-07-12T18:18:55+05:30,299,T08,Swargate
8650609835,8710276773,2026-07-12T18:22:36+05:30,292,T07,Hinjewadi
7165585239,7782639821,2026-07-12T19:30:14+05:30,1610,T05,Kondhwa
7327193745,7734670656,2026-07-12T19:34:36+05:30,1635,T02,Shivajinagar
7248086131,7584143842,2026-07-12T20:40:39+05:30,628,T01,Kothrud
9354549480,7136783777,2026-07-12T21:24:53+05:30,160,T01,Kothrud
6469632595,7400842710,2026-07-12T22:24:07+05:30,993,T06,Yerwada
6143634957,9974801624,2026-07-12T22:26:00+05:30,872,T09,Camp
9278755886,8777520471,2026-07-12T22:26:36+05:30,1463,T03,Hadapsar
9155188442,8690927557,2026-07-12T23:22:46+05:30,1680,T05,Kondhwa
6278681447,8447962757,2026-07-12T23:33:31+05:30,217,T10,Baner
9801824225,8713493618,2026-07-12T23:57:51+05:30,957,T07,Hinjewadi
7400842710,9354549480,2026-07-13T03:10:36+05:30,1019,T07,Hinjewadi
8900109439,7400842710,2026-07-13T04:29:26+05:30,1721,T02,Shivajinagar
8678669125,6596401658,2026-07-13T04:45:23+05:30,810,T07,Hinjewadi
6586518506,9556464170,2026-07-13T05:44:40+05:30,1260,T05,Kondhwa
7327193745,8895782911,2026-07-13T06:44:41+05:30,1486,T07,Hinjewadi
6531003309,9774964990,2026-07-13T07:59:04+05:30,792,T07,Hinjewadi
9631931491,9165726284,2026-07-13T08:13:48+05:30,163,T03,Hadapsar
9354549480,7165585239,2026-07-13T09:02:17+05:30,167,T04,Warje
6586518506,7729806990,2026-07-13T09:41:02+05:30,155,T01,Kothrud
8690927557,7327193745,2026-07-13T10:32:23+05:30,1718,T03,Hadapsar
9603859770,7584143842,2026-07-13T10:55:58+05:30,1311,T08,Swargate
6627204653,9429671756,2026-07-13T12:20:41+05:30,387,T06,Yerwada
8134352408,6537147321,2026-07-13T12:21:12+05:30,343,T03,Hadapsar
7242102499,9190659401,2026-07-13T13:15:33+05:30,419,T03,Hadapsar
9801824225,7990490278,2026-07-13T13:57:12+05:30,1533,T03,Hadapsar
9354549480,8168784991,2026-07-13T14:09:01+05:30,1678,T04,Warje
7278774701,7400842710,2026-07-13T14:42:17+05:30,1413,T09,Camp
7990490278,7242102499,2026-07-13T14:50:45+05:30,568,T01,Kothrud
8685574443,9603859770,2026-07-13T16:19:39+05:30,70,T08,Swargate
6715451680,8981829922,2026-07-13T16:25:28+05:30,1246,T01,Kothrud
8168784991,8134352408,2026-07-13T16:32:58+05:30,1223,T03,Hadapsar
8512567468,9652775841,2026-07-13T17:00:09+05:30,1791,T02,Shivajinagar
8981829922,8658404499,2026-07-13T17:24:13+05:30,1329,T02,Shivajinagar
9155188442,7327193745,2026-07-13T17:37:15+05:30,888,T07,Hinjewadi
9652775841,7067974034,2026-07-13T18:12:18+05:30,738,T08,Swargate
7482477109,9533963605,2026-07-13T18:56:49+05:30,296,T03,Hadapsar
9974801624,9603859770,2026-07-13T19:39:49+05:30,306,T05,Kondhwa
8658404499,7782639821,2026-07-13T19:59:53+05:30,682,T05,Kondhwa
6627204653,9801824225,2026-07-13T21:25:34+05:30,1631,T08,Swargate
6334123281,6531003309,2026-07-13T23:36:31+05:30,1418,T08,Swargate
7584143842,8710276773,2026-07-13T23:47:23+05:30,1573,T09,Camp
8710276773,9873395004,2026-07-13T23:59:24+05:30,1367,T01,Kothrud
7583132370,9165726284,2026-07-14T04:10:23+05:30,89,T10,Baner
9800025787,7278774701,2026-07-14T04:13:08+05:30,800,T04,Warje
6715451680,8777520471,2026-07-14T04:39:33+05:30,1041,T09,Camp
8713493618,8447962757,2026-07-14T04:55:04+05:30,1554,T03,Hadapsar
8512567468,7734670656,2026-07-14T05:42:21+05:30,984,T02,Shivajinagar
8690927557,6586518506,2026-07-14T06:38:15+05:30,1396,T06,Yerwada
9278755886,9907844736,2026-07-14T07:02:21+05:30,148,T07,Hinjewadi
7327193745,7947312172,2026-07-14T08:27:06+05:30,1214,T07,Hinjewadi
8925556258,8981829922,2026-07-14T09:37:23+05:30,621,T03,Hadapsar
9907844736,7584143842,2026-07-14T10:02:42+05:30,1729,T05,Kondhwa
7248086131,9662702895,2026-07-14T10:41:35+05:30,1292,T05,Kondhwa
9631931491,8713493618,2026-07-14T11:10:25+05:30,417,T01,Kothrud
9974801624,8658404499,2026-07-14T11:47:12+05:30,954,T03,Hadapsar
7400842710,8900109439,2026-07-14T13:09:12+05:30,361,T02,Shivajinagar
9774964990,9165726284,2026-07-14T13:37:57+05:30,1269,T09,Camp
8658404499,9278755886,2026-07-14T13:39:02+05:30,1187,T04,Warje
9190659401,9652775841,2026-07-14T14:02:59+05:30,1312,T05,Kondhwa
8512567468,6627204653,2026-07-14T14:48:15+05:30,274,T10,Baner
9631931491,7327193745,2026-07-14T15:10:27+05:30,1082,T02,Shivajinagar
9533963605,6537147321,2026-07-14T15:41:18+05:30,1076,T10,Baner
6469632595,9974801624,2026-07-14T16:20:43+05:30,754,T08,Swargate
9169284511,7583132370,2026-07-14T16:57:21+05:30,559,T08,Swargate
7584143842,9662702895,2026-07-14T18:04:09+05:30,329,T01,Kothrud
6143634957,8777520471,2026-07-14T18:45:06+05:30,1042,T10,Baner
8717464887,7990490278,2026-07-14T19:26:10+05:30,779,T03,Hadapsar
9769453147,9165726284,2026-07-14T19:32:41+05:30,50,T08,Swargate
9190659401,9652775841,2026-07-14T21:16:02+05:30,451,T02,Shivajinagar
8717464887,9155188442,2026-07-14T21:26:06+05:30,1783,T07,Hinjewadi
7734670656,9165726284,2026-07-14T21:30:24+05:30,808,T05,Kondhwa
6537147321,8658404499,2026-07-14T22:02:06+05:30,190,T08,Swargate
8168784991,8777520471,2026-07-14T23:10:54+05:30,908,T10,Baner
8685574443,9907844736,2026-07-15T02:19:08+05:30,229,T06,Yerwada
9429671756,9165726284,2026-07-15T03:29:15+05:30,1226,T05,Kondhwa
9603859770,7782639821,2026-07-15T04:54:27+05:30,613,T01,Kothrud
9278755886,8168784991,2026-07-15T04:58:00+05:30,626,T06,Yerwada
8134352408,8685574443,2026-07-15T05:48:53+05:30,393,T09,Camp
9190659401,9769453147,2026-07-15T06:06:56+05:30,1481,T02,Shivajinagar
6351823374,7248086131,2026-07-15T06:55:26+05:30,810,T02,Shivajinagar
8900109439,8168784991,2026-07-15T07:17:36+05:30,1573,T06,Yerwada
8678669125,6596401658,2026-07-15T07:56:14+05:30,898,T04,Warje
8512567468,8678669125,2026-07-15T08:08:17+05:30,262,T08,Swargate
8981829922,9354549480,2026-07-15T08:45:11+05:30,1780,T08,Swargate
6469632595,9533963605,2026-07-15T09:22:55+05:30,1704,T04,Warje
8713493618,7067974034,2026-07-15T09:42:39+05:30,1257,T01,Kothrud
7482477109,8925556258,2026-07-15T10:36:43+05:30,562,T06,Yerwada
6351823374,7248086131,2026-07-15T11:35:07+05:30,281,T02,Shivajinagar
7990490278,9155188442,2026-07-15T11:55:15+05:30,1630,T01,Kothrud
8447962757,6778528922,2026-07-15T12:18:26+05:30,1374,T07,Hinjewadi
7248086131,7165585239,2026-07-15T12:26:45+05:30,25,T04,Warje
8678669125,7734670656,2026-07-15T13:01:36+05:30,222,T09,Camp
6627204653,8713493618,2026-07-15T13:05:50+05:30,552,T03,Hadapsar
9873395004,9800025787,2026-07-15T13:32:44+05:30,1476,T02,Shivajinagar
7165585239,9127484677,2026-07-15T14:02:29+05:30,1700,T06,Yerwada
9354549480,8134352408,2026-07-15T15:15:51+05:30,1639,T02,Shivajinagar
6537147321,8900109439,2026-07-15T15:33:20+05:30,678,T10,Baner
7165585239,6715451680,2026-07-15T15:44:21+05:30,293,T03,Hadapsar
6143634957,6671902294,2026-07-15T15:57:35+05:30,614,T08,Swargate
7067974034,9155188442,2026-07-15T16:52:30+05:30,1325,T06,Yerwada
6715451680,7782639821,2026-07-15T18:24:00+05:30,1192,T03,Hadapsar
6596401658,7990490278,2026-07-15T19:15:08+05:30,1736,T02,Shivajinagar
8658404499,6715451680,2026-07-15T19:36:03+05:30,881,T03,Hadapsar
7799650752,9774964990,2026-07-15T21:11:07+05:30,91,T01,Kothrud
6586518506,7947312172,2026-07-15T21:19:03+05:30,957,T06,Yerwada
8678669125,7734670656,2026-07-15T21:53:50+05:30,208,T03,Hadapsar
7729806990,6928565431,2026-07-15T22:35:43+05:30,1432,T10,Baner
8678669125,9190659401,2026-07-15T22:38:09+05:30,1135,T08,Swargate
8678669125,7799650752,2026-07-15T22:49:23+05:30,1082,T07,Hinjewadi
7990490278,8512567468,2026-07-15T22:53:08+05:30,1068,T09,Camp
7029702135,6627204653,2026-07-16T00:27:00+05:30,817,T09,Camp
7165585239,8900109439,2026-07-16T00:51:16+05:30,31,T03,Hadapsar
7165585239,7136783777,2026-07-16T04:46:53+05:30,409,T06,Yerwada
9165726284,8717464887,2026-07-16T04:57:50+05:30,1505,T10,Baner
7165585239,6143634957,2026-07-16T05:33:23+05:30,900,T09,Camp
6596401658,8717464887,2026-07-16T05:51:35+05:30,1269,T09,Camp
9631931491,7799650752,2026-07-16T06:05:07+05:30,576,T08,Swargate
7734670656,9801824225,2026-07-16T06:24:16+05:30,1416,T04,Warje
6627204653,7583132370,2026-07-16T07:02:27+05:30,98,T05,Kondhwa
9354549480,8168784991,2026-07-16T07:09:49+05:30,1687,T01,Kothrud
7248086131,9354549480,2026-07-16T07:15:43+05:30,1647,T04,Warje
8710276773,9278755886,2026-07-16T07:38:26+05:30,119,T08,Swargate
6596401658,6586518506,2026-07-16T08:00:18+05:30,505,T03,Hadapsar
6778528922,7799650752,2026-07-16T08:59:56+05:30,1495,T05,Kondhwa
9652775841,9429671756,2026-07-16T10:47:04+05:30,1215,T01,Kothrud
8134352408,6143634957,2026-07-16T11:05:28+05:30,1024,T03,Hadapsar
9873395004,9127484677,2026-07-16T11:16:46+05:30,751,T08,Swargate
7734670656,9190659401,2026-07-16T11:45:27+05:30,471,T06,Yerwada
6778528922,7799650752,2026-07-16T13:23:08+05:30,590,T08,Swargate
9907844736,9974801624,2026-07-16T13:29:06+05:30,1698,T09,Camp
7782639821,6537147321,2026-07-16T13:59:52+05:30,331,T08,Swargate
6928565431,7583132370,2026-07-16T14:26:42+05:30,757,T09,Camp
8658404499,7278774701,2026-07-16T14:54:47+05:30,721,T02,Shivajinagar
9165726284,7991241904,2026-07-16T14:59:13+05:30,257,T07,Hinjewadi
8447962757,9631931491,2026-07-16T16:25:02+05:30,281,T07,Hinjewadi
7990490278,8447962757,2026-07-16T16:27:40+05:30,83,T07,Hinjewadi
7947312172,7242102499,2026-07-16T17:29:54+05:30,1023,T02,Shivajinagar
9533963605,7278774701,2026-07-16T18:08:15+05:30,235,T02,Shivajinagar
6531003309,8690927557,2026-07-16T18:11:41+05:30,1342,T03,Hadapsar
8685574443,9800025787,2026-07-16T18:13:02+05:30,1489,T02,Shivajinagar
7583132370,9155188442,2026-07-16T18:55:50+05:30,1058,T06,Yerwada
9533963605,8777520471,2026-07-16T19:13:33+05:30,1069,T06,Yerwada
7734670656,9769453147,2026-07-16T19:31:20+05:30,163,T03,Hadapsar
7729806990,8717464887,2026-07-16T20:06:15+05:30,1580,T06,Yerwada
7991241904,7734670656,2026-07-17T05:26:13+05:30,1667,T08,Swargate
8777520471,7278774701,2026-07-17T06:07:20+05:30,794,T04,Warje
8690927557,9169284511,2026-07-17T06:10:01+05:30,381,T08,Swargate
7248086131,9533963605,2026-07-17T06:12:32+05:30,825,T06,Yerwada
6143634957,9907844736,2026-07-17T06:37:13+05:30,1408,T07,Hinjewadi
8925556258,8777520471,2026-07-17T08:25:24+05:30,1433,T04,Warje
9873395004,9603859770,2026-07-17T08:56:14+05:30,124,T04,Warje
6627204653,7729806990,2026-07-17T09:26:25+05:30,144,T03,Hadapsar
9556464170,7029702135,2026-07-17T09:39:11+05:30,811,T04,Warje
7729806990,9801824225,2026-07-17T12:18:43+05:30,1636,T02,Shivajinagar
7734670656,9556464170,2026-07-17T12:34:31+05:30,523,T10,Baner
7278774701,7248086131,2026-07-17T13:59:21+05:30,48,T01,Kothrud
6334123281,7583132370,2026-07-17T15:10:02+05:30,389,T10,Baner
9873395004,9907844736,2026-07-17T15:31:36+05:30,624,T08,Swargate
7029702135,7991241904,2026-07-17T17:05:14+05:30,709,T01,Kothrud
9533963605,8925556258,2026-07-17T17:23:29+05:30,241,T03,Hadapsar
8658404499,9127484677,2026-07-17T18:29:21+05:30,914,T07,Hinjewadi
7029702135,8512567468,2026-07-17T19:00:54+05:30,441,T08,Swargate
7782639821,8650609835,2026-07-17T19:16:26+05:30,754,T05,Kondhwa
9127484677,7248086131,2026-07-17T19:27:45+05:30,212,T04,Warje
7136783777,6537147321,2026-07-17T19:47:25+05:30,204,T07,Hinjewadi
8658404499,8981829922,2026-07-17T20:27:46+05:30,1768,T09,Camp
9127484677,8981829922,2026-07-17T20:36:41+05:30,217,T01,Kothrud
9801824225,8895782911,2026-07-17T20:46:39+05:30,256,T01,Kothrud
9169284511,6334123281,2026-07-17T20:49:26+05:30,497,T02,Shivajinagar
9556464170,8512567468,2026-07-17T21:34:07+05:30,1767,T10,Baner
9907844736,8925556258,2026-07-17T22:17:27+05:30,343,T04,Warje
6778528922,6531003309,2026-07-17T23:49:18+05:30,212,T05,Kondhwa
7782639821,7136783777,2026-07-18T03:24:31+05:30,694,T03,Hadapsar
7482477109,6143634957,2026-07-18T04:05:37+05:30,1770,T01,Kothrud
6531003309,6627204653,2026-07-18T04:12:26+05:30,1276,T08,Swargate
6537147321,7278774701,2026-07-18T04:52:01+05:30,223,T08,Swargate
9155188442,7729806990,2026-07-18T06:40:02+05:30,1417,T04,Warje
8168784991,7136783777,2026-07-18T06:50:13+05:30,526,T08,Swargate
9801824225,8678669125,2026-07-18T07:02:11+05:30,325,T09,Camp
6671902294,7584143842,2026-07-18T07:51:08+05:30,1392,T10,Baner
7242102499,9631931491,2026-07-18T09:20:37+05:30,610,T08,Swargate
6278681447,9169284511,2026-07-18T10:36:49+05:30,1567,T09,Camp
7165585239,6715451680,2026-07-18T11:13:18+05:30,934,T04,Warje
7734670656,7991241904,2026-07-18T11:24:38+05:30,1023,T10,Baner
9800025787,7782639821,2026-07-18T12:44:48+05:30,647,T07,Hinjewadi
9801824225,9631931491,2026-07-18T13:24:13+05:30,1743,T10,Baner
8710276773,9800025787,2026-07-18T13:31:13+05:30,1650,T04,Warje
7947312172,8512567468,2026-07-18T14:01:36+05:30,1068,T09,Camp
7947312172,9556464170,2026-07-18T14:02:14+05:30,477,T05,Kondhwa
7799650752,7242102499,2026-07-18T14:24:00+05:30,280,T08,Swargate
6715451680,9533963605,2026-07-18T14:25:39+05:30,1108,T10,Baner
8900109439,6671902294,2026-07-18T14:55:09+05:30,104,T01,Kothrud
6671902294,8900109439,2026-07-18T15:11:56+05:30,347,T04,Warje
9278755886,7482477109,2026-07-18T15:40:27+05:30,810,T04,Warje
7400842710,7278774701,2026-07-18T15:46:48+05:30,633,T06,Yerwada
9662702895,6143634957,2026-07-18T18:54:02+05:30,112,T06,Yerwada
8710276773,7482477109,2026-07-18T19:09:04+05:30,345,T03,Hadapsar
6278681447,7991241904,2026-07-18T19:14:53+05:30,1296,T04,Warje
7136783777,8134352408,2026-07-18T19:39:44+05:30,107,T07,Hinjewadi
9533963605,9354549480,2026-07-18T20:14:17+05:30,384,T09,Camp
8925556258,8658404499,2026-07-18T20:20:41+05:30,624,T03,Hadapsar
9127484677,8777520471,2026-07-18T20:31:27+05:30,1592,T10,Baner
8710276773,7136783777,2026-07-18T20:55:31+05:30,801,T05,Kondhwa
6531003309,9169284511,2026-07-18T20:59:26+05:30,1708,T09,Camp
9801824225,8447962757,2026-07-18T21:01:25+05:30,1146,T03,Hadapsar
7947312172,8717464887,2026-07-18T21:36:38+05:30,1648,T08,Swargate
9873395004,9907844736,2026-07-18T21:43:32+05:30,369,T02,Shivajinagar
8777520471,7136783777,2026-07-18T23:57:20+05:30,373,T08,Swargate
8512567468,8713493618,2026-07-19T01:46:05+05:30,1017,T05,Kondhwa
6537147321,7400842710,2026-07-19T03:31:52+05:30,1325,T04,Warje
7729806990,6586518506,2026-07-19T04:05:11+05:30,116,T04,Warje
6469632595,9800025787,2026-07-19T04:06:03+05:30,1237,T03,Hadapsar
7165585239,8134352408,2026-07-19T04:08:04+05:30,1746,T04,Warje
8713493618,9169284511,2026-07-19T04:28:37+05:30,1237,T10,Baner
9873395004,8981829922,2026-07-19T04:57:50+05:30,836,T02,Shivajinagar
6334123281,6531003309,2026-07-19T05:30:53+05:30,36,T04,Warje
6715451680,8777520471,2026-07-19T05:31:49+05:30,1442,T06,Yerwada
9631931491,7029702135,2026-07-19T05:37:04+05:30,841,T06,Yerwada
7067974034,6586518506,2026-07-19T06:55:00+05:30,1178,T10,Baner
6715451680,6143634957,2026-07-19T06:56:30+05:30,546,T08,Swargate
9190659401,6928565431,2026-07-19T07:20:06+05:30,1335,T03,Hadapsar
7799650752,7729806990,2026-07-19T07:22:31+05:30,192,T06,Yerwada
6469632595,8777520471,2026-07-19T07:27:58+05:30,1225,T06,Yerwada
7136783777,7584143842,2026-07-19T07:56:35+05:30,1338,T08,Swargate
7278774701,8650609835,2026-07-19T07:57:30+05:30,1157,T04,Warje
7947312172,7734670656,2026-07-19T08:08:50+05:30,1103,T09,Camp
7782639821,8981829922,2026-07-19T08:10:16+05:30,1288,T05,Kondhwa
7734670656,7583132370,2026-07-19T08:54:23+05:30,1433,T02,Shivajinagar
8658404499,7584143842,2026-07-19T09:12:32+05:30,1476,T01,Kothrud
8717464887,7947312172,2026-07-19T09:18:17+05:30,1261,T09,Camp
7799650752,9774964990,2026-07-19T09:53:35+05:30,457,T09,Camp
7991241904,7947312172,2026-07-19T10:35:37+05:30,312,T04,Warje
8895782911,7990490278,2026-07-19T11:05:01+05:30,1241,T01,Kothrud
9907844736,7584143842,2026-07-19T12:00:02+05:30,1291,T01,Kothrud
9127484677,7278774701,2026-07-19T12:46:09+05:30,1706,T06,Yerwada
7584143842,8685574443,2026-07-19T12:54:04+05:30,1393,T01,Kothrud
8512567468,8717464887,2026-07-19T13:13:12+05:30,238,T08,Swargate
7799650752,9169284511,2026-07-19T13:47:04+05:30,389,T03,Hadapsar
6143634957,8168784991,2026-07-19T14:04:20+05:30,73,T06,Yerwada
7278774701,6469632595,2026-07-19T14:21:33+05:30,793,T05,Kondhwa
7400842710,6537147321,2026-07-19T14:34:36+05:30,764,T08,Swargate
7136783777,7278774701,2026-07-19T14:53:53+05:30,1017,T09,Camp
7165585239,8658404499,2026-07-19T16:10:30+05:30,1572,T06,Yerwada
8713493618,9155188442,2026-07-19T16:23:12+05:30,561,T02,Shivajinagar
9556464170,9631931491,2026-07-19T16:43:33+05:30,164,T04,Warje
8690927557,8678669125,2026-07-19T16:55:39+05:30,27,T05,Kondhwa
8925556258,7400842710,2026-07-19T17:40:37+05:30,1485,T09,Camp
7482477109,7165585239,2026-07-19T18:01:24+05:30,993,T09,Camp
7242102499,9801824225,2026-07-19T18:06:27+05:30,747,T09,Camp
9165726284,6278681447,2026-07-19T20:17:17+05:30,392,T03,Hadapsar
9165726284,8678669125,2026-07-19T20:32:06+05:30,1800,T05,Kondhwa
9800025787,6537147321,2026-07-19T21:20:53+05:30,411,T03,Hadapsar
9127484677,8900109439,2026-07-19T21:51:29+05:30,195,T05,Kondhwa
9354549480,9974801624,2026-07-19T21:55:14+05:30,1255,T01,Kothrud
8134352408,9603859770,2026-07-19T22:20:56+05:30,1630,T05,Kondhwa
8685574443,9974801624,2026-07-19T22:24:13+05:30,142,T07,Hinjewadi
6334123281,8717464887,2026-07-20T04:01:55+05:30,980,T01,Kothrud
9429671756,9769453147,2026-07-20T04:56:58+05:30,1043,T09,Camp
9533963605,9974801624,2026-07-20T06:00:48+05:30,88,T06,Yerwada
8710276773,8134352408,2026-07-20T06:14:04+05:30,1348,T06,Yerwada
8658404499,7584143842,2026-07-20T07:22:30+05:30,1733,T01,Kothrud
6531003309,9169284511,2026-07-20T07:33:33+05:30,1112,T06,Yerwada
8925556258,7782639821,2026-07-20T07:59:05+05:30,1002,T06,Yerwada
8713493618,7947312172,2026-07-20T09:47:17+05:30,554,T02,Shivajinagar
9662702895,6537147321,2026-07-20T10:11:35+05:30,1652,T10,Baner
9800025787,7400842710,2026-07-20T10:58:41+05:30,1516,T02,Shivajinagar
7584143842,9974801624,2026-07-20T11:07:00+05:30,1691,T08,Swargate
6928565431,9769453147,2026-07-20T12:32:51+05:30,849,T10,Baner
9907844736,9127484677,2026-07-20T13:09:05+05:30,340,T01,Kothrud
7482477109,6537147321,2026-07-20T13:23:55+05:30,479,T07,Hinjewadi
6143634957,8134352408,2026-07-20T13:24:39+05:30,1124,T06,Yerwada
9354549480,8710276773,2026-07-20T13:42:08+05:30,1358,T05,Kondhwa
7947312172,6928565431,2026-07-20T13:46:00+05:30,1348,T05,Kondhwa
8777520471,9533963605,2026-07-20T14:51:02+05:30,391,T06,Yerwada
7067974034,8690927557,2026-07-20T15:02:18+05:30,971,T01,Kothrud
7799650752,9169284511,2026-07-20T16:18:29+05:30,1231,T07,Hinjewadi
9769453147,9429671756,2026-07-20T16:19:36+05:30,33,T08,Swargate
6596401658,6928565431,2026-07-20T16:57:35+05:30,1450,T07,Hinjewadi
8925556258,8900109439,2026-07-20T17:24:28+05:30,1458,T07,Hinjewadi
8713493618,9652775841,2026-07-20T18:15:03+05:30,1056,T02,Shivajinagar
8710276773,8134352408,2026-07-20T18:55:52+05:30,1407,T05,Kondhwa
9155188442,7734670656,2026-07-20T19:19:57+05:30,344,T08,Swargate
9190659401,9652775841,2026-07-20T19:25:19+05:30,170,T08,Swargate
8925556258,9533963605,2026-07-20T20:06:15+05:30,1278,T05,Kondhwa
8710276773,6671902294,2026-07-20T20:18:10+05:30,1764,T09,Camp
7136783777,9873395004,2026-07-20T21:17:09+05:30,627,T07,Hinjewadi
6143634957,8168784991,2026-07-20T22:12:19+05:30,1399,T10,Baner
9603859770,8650609835,2026-07-20T23:25:01+05:30,1567,T07,Hinjewadi
9631931491,7734670656,2026-07-21T00:07:58+05:30,253,T05,Kondhwa
7799650752,9801824225,2026-07-21T01:08:36+05:30,1571,T08,Swargate
7947312172,9769453147,2026-07-21T02:37:56+05:30,561,T04,Warje
9354549480,6143634957,2026-07-21T04:07:39+05:30,1244,T07,Hinjewadi
7734670656,8447962757,2026-07-21T05:54:06+05:30,1115,T06,Yerwada
9800025787,7782639821,2026-07-21T06:06:02+05:30,336,T09,Camp
9155188442,7991241904,2026-07-21T06:53:29+05:30,303,T02,Shivajinagar
7990490278,6531003309,2026-07-21T07:29:18+05:30,1495,T02,Shivajinagar
8134352408,9873395004,2026-07-21T07:37:52+05:30,1729,T04,Warje
8777520471,7165585239,2026-07-21T07:40:59+05:30,18,T10,Baner
7327193745,6586518506,2026-07-21T08:12:50+05:30,187,T08,Swargate
9603859770,7248086131,2026-07-21T08:25:09+05:30,1634,T10,Baner
7482477109,7136783777,2026-07-21T09:53:21+05:30,1032,T10,Baner
8717464887,8512567468,2026-07-21T10:30:51+05:30,1263,T04,Warje
9907844736,6351823374,2026-07-21T10:32:23+05:30,1106,T06,Yerwada
9278755886,7584143842,2026-07-21T11:22:53+05:30,1659,T01,Kothrud
8134352408,8685574443,2026-07-21T11:33:32+05:30,534,T04,Warje
8900109439,8134352408,2026-07-21T12:06:44+05:30,317,T09,Camp
6143634957,8981829922,2026-07-21T12:53:12+05:30,1195,T05,Kondhwa
8447962757,6596401658,2026-07-21T13:01:51+05:30,127,T10,Baner
8512567468,7947312172,2026-07-21T13:08:29+05:30,303,T06,Yerwada
7327193745,9556464170,2026-07-21T13:16:17+05:30,464,T04,Warje
9662702895,9974801624,2026-07-21T13:50:35+05:30,1106,T03,Hadapsar
7482477109,8685574443,2026-07-21T14:03:03+05:30,898,T10,Baner
7729806990,7067974034,2026-07-21T14:48:12+05:30,1195,T07,Hinjewadi
7782639821,6143634957,2026-07-21T15:45:36+05:30,971,T07,Hinjewadi
6671902294,8168784991,2026-07-21T15:54:02+05:30,1112,T10,Baner
8717464887,6278681447,2026-07-21T17:42:33+05:30,139,T05,Kondhwa
6596401658,9190659401,2026-07-21T17:45:44+05:30,968,T08,Swargate
7729806990,6334123281,2026-07-21T18:22:05+05:30,1739,T09,Camp
6351823374,6671902294,2026-07-21T18:23:34+05:30,26,T01,Kothrud
6537147321,6143634957,2026-07-21T19:11:26+05:30,161,T04,Warje
9801824225,9190659401,2026-07-21T20:57:57+05:30,1556,T03,Hadapsar
9429671756,7029702135,2026-07-21T21:32:31+05:30,1445,T01,Kothrud
7242102499,7067974034,2026-07-21T21:53:11+05:30,1418,T10,Baner
9800025787,8658404499,2026-07-21T22:25:11+05:30,1695,T04,Warje
9165726284,9169284511,2026-07-21T23:16:19+05:30,696,T06,Yerwada
7990490278,9190659401,2026-07-21T23:21:35+05:30,701,T09,Camp
6671902294,8134352408,2026-07-21T23:21:37+05:30,864,T04,Warje
8134352408,9800025787,2026-07-21T23:55:49+05:30,78,T10,Baner
7136783777,6715451680,2026-07-22T00:11:19+05:30,587,T02,Shivajinagar
7734670656,8713493618,2026-07-22T08:08:13+05:30,981,T10,Baner
7947312172,6778528922,2026-07-22T08:44:44+05:30,104,T07,Hinjewadi
7991241904,9429671756,2026-07-22T10:03:00+05:30,183,T10,Baner
8981829922,6537147321,2026-07-22T10:50:31+05:30,454,T04,Warje
8678669125,8447962757,2026-07-22T11:06:58+05:30,1290,T10,Baner
8447962757,6278681447,2026-07-22T11:13:23+05:30,897,T09,Camp
8134352408,6715451680,2026-07-22T12:37:10+05:30,1068,T08,Swargate
9974801624,6143634957,2026-07-22T12:54:53+05:30,890,T04,Warje
7947312172,8678669125,2026-07-22T13:38:35+05:30,1281,T08,Swargate
9354549480,8900109439,2026-07-22T13:56:27+05:30,683,T05,Kondhwa
9907844736,6537147321,2026-07-22T13:58:00+05:30,1436,T05,Kondhwa
9907844736,8650609835,2026-07-22T14:46:56+05:30,476,T08,Swargate
8447962757,7947312172,2026-07-22T15:20:56+05:30,1406,T06,Yerwada
6531003309,6586518506,2026-07-22T16:22:51+05:30,735,T07,Hinjewadi
9631931491,9652775841,2026-07-22T16:56:43+05:30,368,T04,Warje
8447962757,7947312172,2026-07-22T17:01:11+05:30,601,T01,Kothrud
9429671756,8690927557,2026-07-22T18:58:19+05:30,136,T10,Baner
7482477109,8981829922,2026-07-22T19:26:49+05:30,980,T08,Swargate
9800025787,6715451680,2026-07-22T20:17:52+05:30,1648,T01,Kothrud
6278681447,8717464887,2026-07-22T23:19:33+05:30,1169,T07,Hinjewadi
9533963605,8134352408,2026-07-23T04:54:40+05:30,1223,T07,Hinjewadi
6334123281,7991241904,2026-07-23T05:21:09+05:30,568,T01,Kothrud
7165585239,9354549480,2026-07-23T06:01:51+05:30,667,T02,Shivajinagar
8447962757,6778528922,2026-07-23T06:33:36+05:30,1376,T03,Hadapsar
7136783777,8658404499,2026-07-23T07:56:40+05:30,443,T02,Shivajinagar
8777520471,9533963605,2026-07-23T08:07:52+05:30,308,T08,Swargate
9662702895,9278755886,2026-07-23T08:44:54+05:30,1378,T10,Baner
9801824225,7991241904,2026-07-23T09:02:31+05:30,677,T06,Yerwada
7165585239,9662702895,2026-07-23T09:13:24+05:30,1276,T07,Hinjewadi
9800025787,7248086131,2026-07-23T09:45:12+05:30,1442,T06,Yerwada
6627204653,7947312172,2026-07-23T09:47:47+05:30,1734,T01,Kothrud
8925556258,6537147321,2026-07-23T10:13:07+05:30,982,T03,Hadapsar
8650609835,9974801624,2026-07-23T12:39:08+05:30,921,T09,Camp
8925556258,6671902294,2026-07-23T13:07:57+05:30,200,T04,Warje
8895782911,9801824225,2026-07-23T13:29:43+05:30,483,T04,Warje
7583132370,9190659401,2026-07-23T13:43:29+05:30,202,T10,Baner
9801824225,9631931491,2026-07-23T15:31:44+05:30,1694,T09,Camp
6469632595,9907844736,2026-07-23T17:02:23+05:30,1576,T09,Camp
8690927557,7242102499,2026-07-23T17:12:53+05:30,758,T10,Baner
6671902294,6143634957,2026-07-23T17:37:54+05:30,1715,T06,Yerwada
7799650752,7734670656,2026-07-23T19:39:22+05:30,94,T08,Swargate
8895782911,8717464887,2026-07-23T20:35:53+05:30,120,T02,Shivajinagar
9127484677,6537147321,2026-07-23T21:59:01+05:30,789,T02,Shivajinagar
7067974034,7734670656,2026-07-23T22:24:53+05:30,399,T09,Camp
8710276773,8658404499,2026-07-24T02:36:04+05:30,839,T08,Swargate
8678669125,7799650752,2026-07-24T04:49:26+05:30,1460,T08,Swargate
7248086131,6671902294,2026-07-24T05:19:40+05:30,1460,T06,Yerwada
7400842710,7136783777,2026-07-24T06:25:32+05:30,1234,T10,Baner
6715451680,8685574443,2026-07-24T08:50:34+05:30,1328,T05,Kondhwa
6469632595,8658404499,2026-07-24T09:48:49+05:30,796,T08,Swargate
6671902294,9907844736,2026-07-24T10:08:41+05:30,586,T08,Swargate
9169284511,8512567468,2026-07-24T11:28:10+05:30,83,T01,Kothrud
9155188442,6334123281,2026-07-24T13:05:25+05:30,1761,T02,Shivajinagar
9801824225,8678669125,2026-07-24T13:26:37+05:30,865,T05,Kondhwa
9429671756,7947312172,2026-07-24T14:14:01+05:30,1635,T10,Baner
7991241904,8512567468,2026-07-24T14:51:10+05:30,106,T09,Camp
7947312172,9801824225,2026-07-24T16:17:15+05:30,184,T05,Kondhwa
9127484677,7782639821,2026-07-24T16:17:34+05:30,410,T02,Shivajinagar
7584143842,9603859770,2026-07-24T16:47:58+05:30,875,T06,Yerwada
7067974034,8678669125,2026-07-24T16:48:05+05:30,872,T04,Warje
7482477109,9974801624,2026-07-24T18:22:11+05:30,737,T07,Hinjewadi
8777520471,6469632595,2026-07-24T19:00:06+05:30,1423,T05,Kondhwa
6469632595,9662702895,2026-07-24T19:15:21+05:30,1419,T04,Warje
8678669125,8895782911,2026-07-24T19:47:48+05:30,1504,T10,Baner
9155188442,8447962757,2026-07-24T20:39:45+05:30,234,T03,Hadapsar
7067974034,7991241904,2026-07-24T20:47:03+05:30,375,T09,Camp
7729806990,6596401658,2026-07-24T21:27:58+05:30,203,T04,Warje
7782639821,8710276773,2026-07-24T23:42:20+05:30,1599,T04,Warje
6671902294,9662702895,2026-07-25T00:50:58+05:30,1526,T04,Warje
8895782911,6596401658,2026-07-25T04:17:38+05:30,185,T05,Kondhwa
8895782911,6586518506,2026-07-25T04:34:54+05:30,1705,T05,Kondhwa
9556464170,8713493618,2026-07-25T04:45:34+05:30,1757,T03,Hadapsar
6351823374,7400842710,2026-07-25T05:09:56+05:30,1750,T05,Kondhwa
9155188442,9169284511,2026-07-25T05:12:42+05:30,681,T02,Shivajinagar
7278774701,9278755886,2026-07-25T05:54:14+05:30,691,T01,Kothrud
8900109439,6351823374,2026-07-25T06:15:37+05:30,1608,T09,Camp
6627204653,9190659401,2026-07-25T06:16:07+05:30,625,T04,Warje
7165585239,7482477109,2026-07-25T06:28:34+05:30,1636,T06,Yerwada
8925556258,8658404499,2026-07-25T07:20:14+05:30,53,T05,Kondhwa
9769453147,7991241904,2026-07-25T08:55:35+05:30,1446,T09,Camp
8690927557,9165726284,2026-07-25T09:10:57+05:30,148,T06,Yerwada
9190659401,7990490278,2026-07-25T09:17:34+05:30,344,T03,Hadapsar
7482477109,9533963605,2026-07-25T10:42:28+05:30,710,T08,Swargate
6469632595,6143634957,2026-07-25T10:51:45+05:30,1321,T01,Kothrud
7990490278,6586518506,2026-07-25T11:03:02+05:30,674,T09,Camp
6596401658,6531003309,2026-07-25T11:07:04+05:30,1719,T10,Baner
8650609835,7136783777,2026-07-25T11:36:19+05:30,936,T02,Shivajinagar
9603859770,6351823374,2026-07-25T11:55:41+05:30,1297,T06,Yerwada
9278755886,8710276773,2026-07-25T12:02:57+05:30,50,T06,Yerwada
8658404499,6351823374,2026-07-25T12:42:01+05:30,16,T10,Baner
8447962757,6627204653,2026-07-25T12:58:07+05:30,339,T03,Hadapsar
8690927557,8717464887,2026-07-25T14:24:11+05:30,887,T06,Yerwada
9662702895,7482477109,2026-07-25T14:38:18+05:30,472,T07,Hinjewadi
7136783777,7782639821,2026-07-25T15:08:31+05:30,638,T05,Kondhwa
9801824225,7327193745,2026-07-25T15:59:01+05:30,435,T02,Shivajinagar
8981829922,6351823374,2026-07-25T16:25:21+05:30,677,T09,Camp
8512567468,7991241904,2026-07-25T19:34:43+05:30,1780,T06,Yerwada
6928565431,9652775841,2026-07-25T19:53:08+05:30,1019,T08,Swargate
9631931491,8895782911,2026-07-25T21:12:27+05:30,807,T01,Kothrud
8710276773,6537147321,2026-07-25T21:29:11+05:30,168,T04,Warje
6715451680,6143634957,2026-07-25T23:16:23+05:30,1794,T07,Hinjewadi
6143634957,6715451680,2026-07-25T23:20:38+05:30,464,T07,Hinjewadi
8512567468,6586518506,2026-07-26T00:17:14+05:30,237,T03,Hadapsar
8981829922,8777520471,2026-07-26T01:41:09+05:30,189,T03,Hadapsar
8895782911,9652775841,2026-07-26T02:14:19+05:30,365,T08,Swargate
9190659401,8717464887,2026-07-26T03:25:00+05:30,972,T02,Shivajinagar
9127484677,7136783777,2026-07-26T05:09:22+05:30,1024,T07,Hinjewadi
6627204653,8717464887,2026-07-26T05:50:26+05:30,471,T10,Baner
9603859770,7482477109,2026-07-26T07:54:05+05:30,973,T01,Kothrud
7782639821,9873395004,2026-07-26T08:03:31+05:30,99,T04,Warje
7990490278,8895782911,2026-07-26T08:30:30+05:30,1368,T03,Hadapsar
8895782911,7799650752,2026-07-26T08:38:12+05:30,1172,T06,Yerwada
7400842710,6715451680,2026-07-26T09:28:55+05:30,1456,T08,Swargate
6627204653,8447962757,2026-07-26T10:11:36+05:30,720,T07,Hinjewadi
8690927557,9631931491,2026-07-26T12:16:55+05:30,1270,T05,Kondhwa
9801824225,8512567468,2026-07-26T12:31:35+05:30,1633,T07,Hinjewadi
7029702135,9631931491,2026-07-26T13:18:30+05:30,1080,T01,Kothrud
9278755886,8134352408,2026-07-26T13:31:21+05:30,1466,T09,Camp
6671902294,9127484677,2026-07-26T13:50:21+05:30,1199,T05,Kondhwa
9662702895,8658404499,2026-07-26T14:37:41+05:30,1782,T05,Kondhwa
6671902294,9974801624,2026-07-26T15:12:06+05:30,258,T07,Hinjewadi
7400842710,8925556258,2026-07-26T15:32:12+05:30,1305,T06,Yerwada
9974801624,7248086131,2026-07-26T15:32:18+05:30,322,T10,Baner
7990490278,6627204653,2026-07-26T16:50:18+05:30,1607,T02,Shivajinagar
6671902294,8925556258,2026-07-26T17:25:20+05:30,1128,T06,Yerwada
8925556258,6715451680,2026-07-26T17:53:54+05:30,1028,T09,Camp
9631931491,9652775841,2026-07-26T18:05:33+05:30,519,T08,Swargate
9873395004,6671902294,2026-07-26T19:14:41+05:30,754,T01,Kothrud
7729806990,6334123281,2026-07-26T19:38:29+05:30,321,T06,Yerwada
6596401658,9631931491,2026-07-26T20:06:15+05:30,359,T08,Swargate
6596401658,6586518506,2026-07-26T20:27:51+05:30,1078,T02,Shivajinagar
8685574443,7584143842,2026-07-26T21:26:02+05:30,159,T06,Yerwada
6531003309,7067974034,2026-07-26T21:32:25+05:30,1113,T07,Hinjewadi
8777520471,6469632595,2026-07-26T22:15:34+05:30,1563,T10,Baner
6715451680,8925556258,2026-07-26T22:17:47+05:30,839,T10,Baner
6351823374,9974801624,2026-07-26T22:19:21+05:30,372,T07,Hinjewadi
7278774701,8981829922,2026-07-26T23:10:46+05:30,275,T06,Yerwada
9278755886,8925556258,2026-07-26T23:54:38+05:30,86,T08,Swargate
9429671756,9556464170,2026-07-27T01:49:54+05:30,1743,T02,Shivajinagar
6671902294,8981829922,2026-07-27T04:18:49+05:30,136,T05,Kondhwa
9652775841,9155188442,2026-07-27T04:28:42+05:30,1256,T04,Warje
7278774701,9907844736,2026-07-27T04:51:08+05:30,1055,T10,Baner
9974801624,8134352408,2026-07-27T05:15:34+05:30,750,T04,Warje
6278681447,8678669125,2026-07-27T05:25:17+05:30,1364,T03,Hadapsar
9127484677,6469632595,2026-07-27T06:28:11+05:30,466,T03,Hadapsar
8710276773,8685574443,2026-07-27T07:35:46+05:30,1563,T08,Swargate
7729806990,8717464887,2026-07-27T07:52:52+05:30,1572,T04,Warje
9873395004,7136783777,2026-07-27T08:41:31+05:30,1521,T05,Kondhwa
7278774701,8777520471,2026-07-27T11:07:20+05:30,1016,T10,Baner
8685574443,7165585239,2026-07-27T13:46:20+05:30,1692,T08,Swargate
7799650752,7583132370,2026-07-27T14:14:35+05:30,1143,T01,Kothrud
8650609835,9278755886,2026-07-27T15:01:29+05:30,1516,T07,Hinjewadi
6671902294,8981829922,2026-07-27T15:11:12+05:30,1274,T10,Baner
9354549480,9907844736,2026-07-27T15:11:13+05:30,1707,T09,Camp
8925556258,7278774701,2026-07-27T16:11:16+05:30,1591,T02,Shivajinagar
7782639821,8981829922,2026-07-27T16:22:29+05:30,923,T03,Hadapsar
9429671756,9169284511,2026-07-27T16:33:07+05:30,1147,T03,Hadapsar
6531003309,8895782911,2026-07-27T17:04:42+05:30,57,T09,Camp
8168784991,7782639821,2026-07-27T17:44:38+05:30,1193,T09,Camp
9165726284,6531003309,2026-07-27T18:22:07+05:30,1257,T09,Camp
9800025787,6537147321,2026-07-27T19:31:35+05:30,911,T07,Hinjewadi
8777520471,9800025787,2026-07-27T19:34:08+05:30,584,T08,Swargate
7799650752,8690927557,2026-07-27T19:41:39+05:30,1468,T04,Warje
9533963605,7584143842,2026-07-27T20:22:19+05:30,1718,T06,Yerwada
7327193745,7799650752,2026-07-27T20:32:41+05:30,343,T02,Shivajinagar
7947312172,9774964990,2026-07-27T22:00:09+05:30,1580,T03,Hadapsar
6537147321,8925556258,2026-07-27T22:32:37+05:30,712,T04,Warje
8685574443,9127484677,2026-07-27T22:43:38+05:30,960,T08,Swargate
6627204653,9631931491,2026-07-28T02:30:45+05:30,1192,T04,Warje
9169284511,6928565431,2026-07-28T04:12:05+05:30,711,T02,Shivajinagar
9354549480,6143634957,2026-07-28T04:13:40+05:30,286,T09,Camp
7584143842,9278755886,2026-07-28T05:09:48+05:30,1001,T07,Hinjewadi
7991241904,9631931491,2026-07-28T07:32:04+05:30,300,T02,Shivajinagar
9278755886,9533963605,2026-07-28T08:02:53+05:30,663,T01,Kothrud
7482477109,9907844736,2026-07-28T09:21:11+05:30,638,T07,Hinjewadi
9974801624,8925556258,2026-07-28T09:30:46+05:30,348,T05,Kondhwa
9429671756,6334123281,2026-07-28T09:59:19+05:30,139,T06,Yerwada
7136783777,9974801624,2026-07-28T10:42:15+05:30,220,T02,Shivajinagar
9974801624,8658404499,2026-07-28T10:49:37+05:30,701,T09,Camp
9631931491,7327193745,2026-07-28T10:55:37+05:30,1183,T02,Shivajinagar
9127484677,6469632595,2026-07-28T12:51:54+05:30,977,T05,Kondhwa
8168784991,6537147321,2026-07-28T13:44:39+05:30,228,T05,Kondhwa
6278681447,6531003309,2026-07-28T14:18:04+05:30,19,T01,Kothrud
8713493618,6334123281,2026-07-28T15:57:43+05:30,1305,T10,Baner
8658404499,9603859770,2026-07-28T15:59:55+05:30,558,T02,Shivajinagar
9533963605,9127484677,2026-07-28T16:07:45+05:30,1324,T03,Hadapsar
8512567468,9769453147,2026-07-28T16:49:46+05:30,216,T02,Shivajinagar
8512567468,6334123281,2026-07-28T17:03:37+05:30,1171,T07,Hinjewadi
9907844736,6671902294,2026-07-28T17:35:39+05:30,599,T10,Baner
6928565431,8447962757,2026-07-28T18:45:33+05:30,230,T06,Yerwada
9429671756,7947312172,2026-07-28T19:39:03+05:30,1609,T01,Kothrud
9873395004,9603859770,2026-07-28T21:44:54+05:30,451,T10,Baner
6537147321,7400842710,2026-07-28T21:47:21+05:30,177,T04,Warje
6143634957,7278774701,2026-07-28T21:48:20+05:30,1479,T04,Warje
8981829922,7482477109,2026-07-28T22:46:00+05:30,648,T07,Hinjewadi
9774964990,7327193745,2026-07-28T22:54:14+05:30,365,T09,Camp
8678669125,9155188442,2026-07-28T23:23:47+05:30,1525,T02,Shivajinagar
7067974034,9165726284,2026-07-28T23:34:22+05:30,525,T10,Baner
9652775841,8447962757,2026-07-28T23:49:10+05:30,1214,T03,Hadapsar
9662702895,6715451680,2026-07-29T02:21:06+05:30,1345,T07,Hinjewadi
9429671756,9801824225,2026-07-29T03:03:42+05:30,1627,T06,Yerwada
7400842710,7782639821,2026-07-29T04:51:07+05:30,240,T10,Baner
8658404499,9127484677,2026-07-29T06:07:33+05:30,1171,T03,Hadapsar
9652775841,7799650752,2026-07-29T06:18:11+05:30,986,T09,Camp
9429671756,9169284511,2026-07-29T06:55:59+05:30,547,T10,Baner
7584143842,7136783777,2026-07-29T07:18:26+05:30,214,T04,Warje
7991241904,6586518506,2026-07-29T07:22:38+05:30,1211,T01,Kothrud
7278774701,7584143842,2026-07-29T08:17:19+05:30,1372,T06,Yerwada
8895782911,7947312172,2026-07-29T08:55:09+05:30,23,T08,Swargate
6334123281,9631931491,2026-07-29T09:00:36+05:30,1146,T01,Kothrud
7799650752,8690927557,2026-07-29T09:11:45+05:30,317,T07,Hinjewadi
8777520471,9907844736,2026-07-29T10:05:39+05:30,1189,T10,Baner
7782639821,6351823374,2026-07-29T10:18:00+05:30,455,T09,Camp
7278774701,6671902294,2026-07-29T10:35:02+05:30,653,T08,Swargate
6928565431,6531003309,2026-07-29T11:23:57+05:30,683,T09,Camp
9774964990,8713493618,2026-07-29T11:44:08+05:30,594,T05,Kondhwa
8777520471,8925556258,2026-07-29T13:00:32+05:30,472,T08,Swargate
9556464170,9190659401,2026-07-29T15:33:19+05:30,1690,T08,Swargate
9774964990,7327193745,2026-07-29T16:22:10+05:30,308,T05,Kondhwa
8717464887,7583132370,2026-07-29T16:52:21+05:30,1398,T03,Hadapsar
8168784991,8650609835,2026-07-29T17:17:16+05:30,769,T06,Yerwada
9800025787,6469632595,2026-07-29T17:52:58+05:30,1583,T04,Warje
8981829922,8710276773,2026-07-29T17:55:26+05:30,359,T06,Yerwada
9974801624,9533963605,2026-07-29T18:20:47+05:30,343,T05,Kondhwa
8900109439,6351823374,2026-07-29T19:16:58+05:30,1448,T04,Warje
6334123281,7029702135,2026-07-29T19:27:58+05:30,1469,T02,Shivajinagar
7136783777,7584143842,2026-07-29T20:14:31+05:30,1541,T04,Warje
7248086131,8168784991,2026-07-29T20:56:00+05:30,1375,T01,Kothrud
8168784991,6143634957,2026-07-29T21:01:47+05:30,97,T08,Swargate
7165585239,6351823374,2026-07-29T21:01:54+05:30,938,T06,Yerwada
8713493618,9556464170,2026-07-29T21:10:57+05:30,504,T02,Shivajinagar
9278755886,8777520471,2026-07-29T21:21:31+05:30,908,T01,Kothrud
8168784991,8658404499,2026-07-29T22:43:29+05:30,131,T07,Hinjewadi
7248086131,6537147321,2026-07-29T22:45:54+05:30,740,T10,Baner
8447962757,6596401658,2026-07-29T23:09:55+05:30,845,T09,Camp
9155188442,6334123281,2026-07-30T04:25:59+05:30,791,T01,Kothrud
8650609835,9533963605,2026-07-30T04:26:32+05:30,935,T09,Camp
7482477109,8925556258,2026-07-30T04:34:06+05:30,999,T03,Hadapsar
9769453147,7067974034,2026-07-30T05:13:47+05:30,932,T06,Yerwada
8658404499,6537147321,2026-07-30T05:25:43+05:30,1726,T03,Hadapsar
8981829922,6537147321,2026-07-30T05:35:05+05:30,673,T05,Kondhwa
6469632595,8658404499,2026-07-30T05:39:23+05:30,378,T10,Baner
6627204653,9631931491,2026-07-30T06:21:55+05:30,1728,T09,Camp
9533963605,8925556258,2026-07-30T06:46:48+05:30,1023,T08,Swargate
9127484677,7782639821,2026-07-30T07:14:12+05:30,740,T04,Warje
7029702135,7991241904,2026-07-30T07:20:26+05:30,243,T05,Kondhwa
6531003309,6778528922,2026-07-30T08:16:20+05:30,1201,T09,Camp
8685574443,7278774701,2026-07-30T09:18:32+05:30,482,T08,Swargate
8134352408,7278774701,2026-07-30T09:24:56+05:30,1301,T07,Hinjewadi
9165726284,6928565431,2026-07-30T10:15:51+05:30,1245,T09,Camp
7242102499,7734670656,2026-07-30T10:21:30+05:30,1568,T04,Warje
7165585239,8925556258,2026-07-30T11:03:29+05:30,824,T05,Kondhwa
7799650752,9429671756,2026-07-30T11:37:16+05:30,223,T10,Baner
6715451680,6143634957,2026-07-30T11:39:39+05:30,1031,T05,Kondhwa
9165726284,9169284511,2026-07-30T12:27:54+05:30,333,T06,Yerwada
7165585239,8777520471,2026-07-30T12:34:35+05:30,739,T02,Shivajinagar
7029702135,7327193745,2026-07-30T13:32:23+05:30,1198,T04,Warje
7799650752,7734670656,2026-07-30T13:32:38+05:30,877,T05,Kondhwa
8658404499,9603859770,2026-07-30T14:00:21+05:30,918,T09,Camp
8717464887,6596401658,2026-07-30T16:16:10+05:30,820,T01,Kothrud
9165726284,8678669125,2026-07-30T17:37:25+05:30,580,T04,Warje
9127484677,6715451680,2026-07-30T18:33:40+05:30,187,T04,Warje
7990490278,9769453147,2026-07-30T18:53:56+05:30,308,T10,Baner
9278755886,7248086131,2026-07-30T18:56:08+05:30,109,T07,Hinjewadi
7400842710,9533963605,2026-07-30T20:04:03+05:30,1713,T02,Shivajinagar
8685574443,8134352408,2026-07-30T21:10:06+05:30,141,T06,Yerwada
9769453147,9652775841,2026-07-30T21:48:24+05:30,232,T06,Yerwada
9873395004,8981829922,2026-07-31T02:54:02+05:30,1437,T03,Hadapsar
7242102499,9769453147,2026-07-31T03:38:13+05:30,315,T05,Kondhwa
9533963605,8685574443,2026-07-31T05:21:51+05:30,1482,T08,Swargate
9769453147,8678669125,2026-07-31T06:51:35+05:30,1382,T04,Warje
8717464887,8713493618,2026-07-31T08:25:50+05:30,1252,T08,Swargate
7165585239,6351823374,2026-07-31T10:30:49+05:30,1357,T06,Yerwada
7782639821,9278755886,2026-07-31T11:06:29+05:30,1575,T09,Camp
7729806990,6778528922,2026-07-31T11:08:51+05:30,957,T02,Shivajinagar
8710276773,9974801624,2026-07-31T11:57:35+05:30,1737,T10,Baner
7734670656,9631931491,2026-07-31T12:51:51+05:30,890,T05,Kondhwa
9169284511,6531003309,2026-07-31T13:05:52+05:30,316,T07,Hinjewadi
8981829922,9127484677,2026-07-31T13:24:57+05:30,1387,T06,Yerwada
7248086131,8134352408,2026-07-31T13:54:24+05:30,489,T04,Warje
7782639821,6143634957,2026-07-31T14:19:41+05:30,933,T07,Hinjewadi
9907844736,7136783777,2026-07-31T14:42:43+05:30,209,T07,Hinjewadi
6334123281,7799650752,2026-07-31T15:32:37+05:30,203,T06,Yerwada
7782639821,6537147321,2026-07-31T15:51:02+05:30,841,T04,Warje
9769453147,7729806990,2026-07-31T15:59:38+05:30,655,T04,Warje
9354549480,6537147321,2026-07-31T16:09:09+05:30,911,T06,Yerwada
9278755886,9533963605,2026-07-31T16:44:04+05:30,519,T06,Yerwada
6596401658,9801824225,2026-07-31T17:35:53+05:30,1182,T10,Baner
8658404499,9800025787,2026-07-31T19:13:33+05:30,16,T09,Camp
7248086131,8900109439,2026-07-31T19:21:23+05:30,1147,T01,Kothrud
8690927557,9801824225,2026-07-31T19:34:01+05:30,1572,T07,Hinjewadi
7584143842,8134352408,2026-07-31T19:49:50+05:30,1597,T02,Shivajinagar
9662702895,9127484677,2026-07-31T20:41:53+05:30,1159,T08,Swargate
8690927557,8717464887,2026-07-31T21:39:45+05:30,257,T10,Baner
8777520471,8134352408,2026-07-31T21:41:05+05:30,1561,T10,Baner
7327193745,9190659401,2026-07-31T21:50:20+05:30,947,T09,Camp
7136783777,8900109439,2026-07-31T21:52:33+05:30,1179,T03,Hadapsar
9603859770,7136783777,2026-07-31T22:29:49+05:30,1376,T01,Kothrud
8713493618,6586518506,2026-08-01T00:57:28+05:30,1690,T05,Kondhwa
8710276773,9974801624,2026-08-01T03:46:30+05:30,48,T03,Hadapsar
7327193745,7799650752,2026-08-01T04:06:10+05:30,1091,T04,Warje
7248086131,7165585239,2026-08-01T04:21:20+05:30,570,T05,Kondhwa
9800025787,8981829922,2026-08-01T04:29:58+05:30,1791,T02,Shivajinagar
8900109439,8685574443,2026-08-01T04:41:59+05:30,1696,T02,Shivajinagar
6143634957,8925556258,2026-08-01T05:31:03+05:30,606,T04,Warje
7990490278,9774964990,2026-08-01T05:33:14+05:30,561,T04,Warje
8678669125,9429671756,2026-08-01T06:00:45+05:30,1440,T05,Kondhwa
8678669125,9556464170,2026-08-01T06:06:26+05:30,989,T04,Warje
8895782911,7327193745,2026-08-01T06:33:03+05:30,1644,T09,Camp
9429671756,8447962757,2026-08-01T08:06:59+05:30,758,T07,Hinjewadi
6469632595,9907844736,2026-08-01T10:15:19+05:30,1440,T10,Baner
8710276773,8981829922,2026-08-01T11:19:13+05:30,1572,T01,Kothrud
8685574443,8981829922,2026-08-01T12:12:29+05:30,438,T03,Hadapsar
7799650752,7583132370,2026-08-01T14:01:55+05:30,1568,T02,Shivajinagar
8685574443,6143634957,2026-08-01T15:22:29+05:30,1676,T03,Hadapsar
7242102499,7991241904,2026-08-01T16:02:34+05:30,690,T03,Hadapsar
9190659401,9155188442,2026-08-01T16:04:13+05:30,741,T10,Baner
8685574443,7278774701,2026-08-01T16:37:28+05:30,835,T03,Hadapsar
8447962757,9190659401,2026-08-01T16:48:35+05:30,736,T03,Hadapsar
7248086131,8777520471,2026-08-01T16:55:31+05:30,642,T06,Yerwada
9800025787,9907844736,2026-08-01T17:41:56+05:30,699,T06,Yerwada
9165726284,7327193745,2026-08-01T17:46:46+05:30,1248,T05,Kondhwa
8134352408,7584143842,2026-08-01T18:05:20+05:30,385,T09,Camp
7990490278,9801824225,2026-08-01T19:22:31+05:30,356,T10,Baner
9127484677,9603859770,2026-08-01T19:27:27+05:30,1541,T10,Baner
8685574443,7136783777,2026-08-01T20:34:41+05:30,59,T06,Yerwada
7991241904,9801824225,2026-08-01T20:37:34+05:30,1000,T02,Shivajinagar
9165726284,9801824225,2026-08-01T20:45:08+05:30,868,T05,Kondhwa
9165726284,9190659401,2026-08-01T22:06:58+05:30,99,T06,Yerwada
6928565431,8447962757,2026-08-01T22:14:23+05:30,419,T09,Camp
9429671756,7067974034,2026-08-01T22:20:56+05:30,1241,T05,Kondhwa
8447962757,7242102499,2026-08-01T23:02:20+05:30,432,T09,Camp
9190659401,6278681447,2026-08-01T23:07:39+05:30,1118,T06,Yerwada
6627204653,7729806990,2026-08-01T23:13:11+05:30,1652,T09,Camp
7583132370,8678669125,2026-08-02T00:29:25+05:30,833,T03,Hadapsar
9974801624,9354549480,2026-08-02T05:33:34+05:30,895,T06,Yerwada
9127484677,9278755886,2026-08-02T06:03:04+05:30,1462,T08,Swargate
7799650752,6928565431,2026-08-02T06:47:08+05:30,178,T06,Yerwada
6537147321,8685574443,2026-08-02T06:47:33+05:30,1104,T06,Yerwada
6778528922,7947312172,2026-08-02T07:51:57+05:30,1574,T08,Swargate
8658404499,6469632595,2026-08-02T08:03:37+05:30,1064,T02,Shivajinagar
8650609835,9603859770,2026-08-02T08:16:58+05:30,1756,T10,Baner
9774964990,7729806990,2026-08-02T08:24:05+05:30,902,T04,Warje
6671902294,7782639821,2026-08-02T08:32:05+05:30,1296,T05,Kondhwa
8650609835,7782639821,2026-08-02T10:06:44+05:30,1591,T06,Yerwada
9155188442,7067974034,2026-08-02T11:26:06+05:30,965,T04,Warje
8925556258,6351823374,2026-08-02T13:14:54+05:30,1103,T08,Swargate
9662702895,9603859770,2026-08-02T13:23:33+05:30,619,T07,Hinjewadi
6715451680,9662702895,2026-08-02T14:24:51+05:30,207,T02,Shivajinagar
6928565431,6778528922,2026-08-02T14:28:19+05:30,1328,T04,Warje
9155188442,6334123281,2026-08-02T14:41:40+05:30,90,T04,Warje
8717464887,9801824225,2026-08-02T16:11:35+05:30,1611,T10,Baner
7734670656,9631931491,2026-08-02T16:33:17+05:30,1456,T07,Hinjewadi
7947312172,9652775841,2026-08-02T16:34:50+05:30,1728,T03,Hadapsar
6278681447,7947312172,2026-08-02T16:42:50+05:30,347,T07,Hinjewadi
7799650752,9169284511,2026-08-02T16:49:23+05:30,305,T01,Kothrud
6671902294,8900109439,2026-08-02T18:02:25+05:30,1553,T08,Swargate
6334123281,7729806990,2026-08-02T18:03:18+05:30,55,T04,Warje
6469632595,7400842710,2026-08-02T18:24:03+05:30,1718,T03,Hadapsar
8717464887,6627204653,2026-08-02T19:12:32+05:30,99,T07,Hinjewadi
9165726284,7242102499,2026-08-02T19:36:06+05:30,1349,T02,Shivajinagar
9127484677,7584143842,2026-08-02T20:14:13+05:30,958,T01,Kothrud
7248086131,8710276773,2026-08-02T20:24:57+05:30,345,T10,Baner
6537147321,9800025787,2026-08-02T20:26:32+05:30,1620,T06,Yerwada
8134352408,9907844736,2026-08-02T21:05:50+05:30,233,T08,Swargate
8710276773,8925556258,2026-08-02T22:45:06+05:30,847,T02,Shivajinagar
9429671756,7990490278,2026-08-02T23:41:14+05:30,241,T01,Kothrud
8981829922,7482477109,2026-08-03T02:00:48+05:30,445,T07,Hinjewadi
9165726284,9190659401,2026-08-03T03:05:10+05:30,962,T06,Yerwada
9769453147,6627204653,2026-08-03T04:18:18+05:30,187,T03,Hadapsar
7729806990,6778528922,2026-08-03T05:15:23+05:30,986,T06,Yerwada
7799650752,9165726284,2026-08-03T05:32:23+05:30,244,T04,Warje
9603859770,6537147321,2026-08-03T07:34:35+05:30,1226,T02,Shivajinagar
6351823374,9278755886,2026-08-03T09:04:16+05:30,944,T07,Hinjewadi
8447962757,8678669125,2026-08-03T09:22:22+05:30,468,T03,Hadapsar
7327193745,9556464170,2026-08-03T10:00:06+05:30,1316,T10,Baner
8900109439,9907844736,2026-08-03T11:21:45+05:30,593,T02,Shivajinagar
9873395004,8777520471,2026-08-03T11:22:19+05:30,709,T01,Kothrud
6278681447,9652775841,2026-08-03T11:29:17+05:30,406,T05,Kondhwa
6334123281,9169284511,2026-08-03T12:06:53+05:30,896,T03,Hadapsar
8134352408,7584143842,2026-08-03T13:01:02+05:30,836,T02,Shivajinagar
6351823374,7278774701,2026-08-03T13:16:27+05:30,1446,T04,Warje
6143634957,7400842710,2026-08-03T13:32:40+05:30,1192,T01,Kothrud
9429671756,7242102499,2026-08-03T13:41:16+05:30,69,T08,Swargate
7400842710,9800025787,2026-08-03T14:48:15+05:30,1163,T09,Camp
9556464170,7799650752,2026-08-03T15:14:43+05:30,307,T01,Kothrud
8134352408,7400842710,2026-08-03T15:19:22+05:30,1335,T03,Hadapsar
9652775841,8713493618,2026-08-03T15:48:54+05:30,307,T06,Yerwada
6278681447,7799650752,2026-08-03T16:23:54+05:30,751,T09,Camp
6596401658,7799650752,2026-08-03T17:38:18+05:30,69,T07,Hinjewadi
6586518506,7947312172,2026-08-03T18:12:41+05:30,1685,T10,Baner
8981829922,6671902294,2026-08-03T19:11:38+05:30,541,T05,Kondhwa
9278755886,9533963605,2026-08-03T19:44:39+05:30,240,T01,Kothrud
8658404499,8981829922,2026-08-03T21:55:31+05:30,398,T07,Hinjewadi
9974801624,7248086131,2026-08-03T22:42:32+05:30,781,T08,Swargate
9429671756,8895782911,2026-08-03T23:44:36+05:30,1606,T07,Hinjewadi
7799650752,6627204653,2026-08-04T02:13:54+05:30,976,T05,Kondhwa
7482477109,9533963605,2026-08-04T03:22:18+05:30,252,T05,Kondhwa
7947312172,7067974034,2026-08-04T03:38:30+05:30,807,T07,Hinjewadi
8447962757,9429671756,2026-08-04T05:17:43+05:30,455,T02,Shivajinagar
9974801624,7482477109,2026-08-04T05:32:52+05:30,1098,T06,Yerwada
7584143842,9603859770,2026-08-04T08:31:26+05:30,33,T05,Kondhwa
6671902294,8981829922,2026-08-04T08:42:42+05:30,1518,T10,Baner
9907844736,6469632595,2026-08-04T11:48:03+05:30,490,T04,Warje
6143634957,9533963605,2026-08-04T12:07:01+05:30,35,T10,Baner
9556464170,6334123281,2026-08-04T13:07:48+05:30,1274,T06,Yerwada
7734670656,9769453147,2026-08-04T13:11:06+05:30,1645,T04,Warje
8981829922,8710276773,2026-08-04T14:46:43+05:30,1106,T09,Camp
6537147321,7482477109,2026-08-04T14:58:59+05:30,938,T06,Yerwada
7400842710,9354549480,2026-08-04T15:24:00+05:30,1335,T09,Camp
6351823374,8134352408,2026-08-04T15:52:07+05:30,831,T08,Swargate
8777520471,7278774701,2026-08-04T16:36:17+05:30,1439,T01,Kothrud
8981829922,8658404499,2026-08-04T16:44:41+05:30,1260,T07,Hinjewadi
6351823374,8710276773,2026-08-04T16:53:49+05:30,216,T10,Baner
9556464170,8690927557,2026-08-04T16:56:54+05:30,1699,T04,Warje
6537147321,7584143842,2026-08-04T17:27:02+05:30,831,T08,Swargate
7990490278,8690927557,2026-08-04T19:04:44+05:30,1246,T03,Hadapsar
7248086131,6351823374,2026-08-04T19:13:36+05:30,1238,T08,Swargate
7947312172,8895782911,2026-08-04T19:52:16+05:30,158,T10,Baner
8895782911,9556464170,2026-08-04T20:02:31+05:30,913,T09,Camp
7729806990,8447962757,2026-08-04T20:07:59+05:30,533,T01,Kothrud
7990490278,7029702135,2026-08-04T20:41:49+05:30,1285,T05,Kondhwa
6928565431,6586518506,2026-08-04T20:54:50+05:30,519,T08,Swargate
6334123281,6928565431,2026-08-04T21:15:51+05:30,638,T05,Kondhwa
7583132370,8717464887,2026-08-04T22:13:22+05:30,1205,T04,Warje
9354549480,7248086131,2026-08-04T22:27:55+05:30,306,T10,Baner
7584143842,6143634957,2026-08-04T22:33:35+05:30,818,T05,Kondhwa
8895782911,7067974034,2026-08-04T23:50:16+05:30,1341,T06,Yerwada
8900109439,8658404499,2026-08-05T00:58:07+05:30,1720,T02,Shivajinagar
8710276773,9533963605,2026-08-05T03:16:34+05:30,1346,T05,Kondhwa
7734670656,6586518506,2026-08-05T04:25:46+05:30,920,T09,Camp
6586518506,6928565431,2026-08-05T04:44:51+05:30,704,T08,Swargate
8895782911,8717464887,2026-08-05T04:48:17+05:30,1268,T09,Camp
7584143842,6671902294,2026-08-05T04:52:47+05:30,1637,T01,Kothrud
6586518506,7729806990,2026-08-05T05:01:10+05:30,795,T02,Shivajinagar
9801824225,9169284511,2026-08-05T05:57:45+05:30,467,T03,Hadapsar
6596401658,8717464887,2026-08-05T06:12:11+05:30,1436,T03,Hadapsar
9165726284,9652775841,2026-08-05T07:17:22+05:30,1332,T09,Camp
7136783777,8658404499,2026-08-05T07:44:53+05:30,135,T01,Kothrud
8710276773,7248086131,2026-08-05T08:29:52+05:30,271,T01,Kothrud
9165726284,7990490278,2026-08-05T09:16:21+05:30,1268,T01,Kothrud
9127484677,6469632595,2026-08-05T09:54:09+05:30,1430,T09,Camp
7400842710,8168784991,2026-08-05T10:07:24+05:30,1027,T06,Yerwada
7242102499,9769453147,2026-08-05T12:25:58+05:30,341,T07,Hinjewadi
9652775841,6596401658,2026-08-05T13:57:05+05:30,1689,T05,Kondhwa
9631931491,8447962757,2026-08-05T14:28:51+05:30,1220,T05,Kondhwa
8658404499,9662702895,2026-08-05T14:49:47+05:30,1145,T02,Shivajinagar
7248086131,7136783777,2026-08-05T14:51:08+05:30,1211,T03,Hadapsar
9652775841,8678669125,2026-08-05T15:02:50+05:30,882,T08,Swargate
9800025787,7482477109,2026-08-05T15:20:21+05:30,810,T06,Yerwada
8678669125,7947312172,2026-08-05T15:34:01+05:30,624,T09,Camp
7947312172,9652775841,2026-08-05T16:01:12+05:30,827,T07,Hinjewadi
9556464170,7734670656,2026-08-05T17:29:14+05:30,1762,T03,Hadapsar
6778528922,6278681447,2026-08-05T19:51:08+05:30,1155,T05,Kondhwa
7482477109,9907844736,2026-08-05T21:24:58+05:30,1227,T09,Camp
7782639821,7584143842,2026-08-05T22:54:58+05:30,1034,T05,Kondhwa
7400842710,8900109439,2026-08-06T00:25:22+05:30,1219,T06,Yerwada
6778528922,7799650752,2026-08-06T03:01:36+05:30,417,T03,Hadapsar
8925556258,8981829922,2026-08-06T05:13:01+05:30,1098,T02,Shivajinagar
9190659401,6928565431,2026-08-06T06:42:37+05:30,365,T03,Hadapsar
9429671756,7990490278,2026-08-06T07:33:15+05:30,1746,T05,Kondhwa
7782639821,8134352408,2026-08-06T08:15:40+05:30,785,T07,Hinjewadi
7278774701,7400842710,2026-08-06T08:43:45+05:30,1663,T04,Warje
6469632595,8650609835,2026-08-06T09:05:28+05:30,736,T07,Hinjewadi
7583132370,9652775841,2026-08-06T09:17:05+05:30,256,T08,Swargate
6715451680,6143634957,2026-08-06T09:31:13+05:30,1188,T01,Kothrud
7990490278,9190659401,2026-08-06T09:34:48+05:30,1071,T10,Baner
9603859770,6715451680,2026-08-06T10:13:16+05:30,1473,T10,Baner
6334123281,6586518506,2026-08-06T10:56:55+05:30,642,T03,Hadapsar
6469632595,7482477109,2026-08-06T11:47:26+05:30,254,T01,Kothrud
7165585239,7248086131,2026-08-06T11:51:11+05:30,416,T01,Kothrud
9429671756,8678669125,2026-08-06T11:53:45+05:30,1616,T05,Kondhwa
7583132370,7067974034,2026-08-06T14:06:19+05:30,1757,T10,Baner
8678669125,7067974034,2026-08-06T14:16:18+05:30,204,T03,Hadapsar
9603859770,9278755886,2026-08-06T14:44:55+05:30,1101,T03,Hadapsar
8134352408,8900109439,2026-08-06T14:55:04+05:30,806,T03,Hadapsar
7136783777,8925556258,2026-08-06T15:44:06+05:30,904,T02,Shivajinagar
6596401658,9801824225,2026-08-06T16:59:18+05:30,790,T07,Hinjewadi
6671902294,7400842710,2026-08-06T17:11:00+05:30,91,T04,Warje
8678669125,7242102499,2026-08-06T18:35:30+05:30,262,T10,Baner
8658404499,9278755886,2026-08-06T18:56:19+05:30,1622,T06,Yerwada
8678669125,9556464170,2026-08-06T19:04:34+05:30,224,T05,Kondhwa
7067974034,7729806990,2026-08-06T19:29:07+05:30,1038,T03,Hadapsar
6586518506,7799650752,2026-08-06T19:52:50+05:30,514,T06,Yerwada
8650609835,6671902294,2026-08-06T20:01:47+05:30,1356,T03,Hadapsar
6586518506,8678669125,2026-08-06T20:49:48+05:30,292,T03,Hadapsar
9800025787,8650609835,2026-08-06T20:59:34+05:30,312,T01,Kothrud
8981829922,9800025787,2026-08-06T22:04:32+05:30,1407,T09,Camp
6928565431,9429671756,2026-08-06T23:10:42+05:30,152,T10,Baner
7400842710,8134352408,2026-08-06T23:38:31+05:30,1060,T10,Baner
9603859770,7482477109,2026-08-06T23:40:50+05:30,152,T04,Warje
7734670656,7990490278,2026-08-06T23:56:52+05:30,692,T02,Shivajinagar
9801824225,8717464887,2026-08-07T02:59:51+05:30,1552,T06,Yerwada
6537147321,8777520471,2026-08-07T05:22:41+05:30,1773,T07,Hinjewadi
8678669125,9801824225,2026-08-07T07:02:28+05:30,395,T02,Shivajinagar
7990490278,7067974034,2026-08-07T07:10:30+05:30,1572,T04,Warje
7136783777,8650609835,2026-08-07T08:00:51+05:30,143,T04,Warje
9429671756,8678669125,2026-08-07T08:16:15+05:30,1771,T06,Yerwada
7278774701,9662702895,2026-08-07T08:22:59+05:30,1492,T03,Hadapsar
6596401658,9774964990,2026-08-07T08:50:44+05:30,387,T10,Baner
9165726284,8678669125,2026-08-07T09:12:20+05:30,320,T01,Kothrud
9165726284,6928565431,2026-08-07T09:16:48+05:30,1736,T10,Baner
9631931491,7067974034,2026-08-07T09:30:49+05:30,449,T02,Shivajinagar
8685574443,7248086131,2026-08-07T10:28:44+05:30,1227,T02,Shivajinagar
6469632595,6143634957,2026-08-07T10:45:01+05:30,1247,T05,Kondhwa
9354549480,9278755886,2026-08-07T10:53:51+05:30,868,T03,Hadapsar
7136783777,8168784991,2026-08-07T11:39:06+05:30,472,T04,Warje
7947312172,6586518506,2026-08-07T13:46:18+05:30,852,T08,Swargate
6596401658,7583132370,2026-08-07T15:46:36+05:30,1009,T08,Swargate
6715451680,6351823374,2026-08-07T16:37:20+05:30,1623,T03,Hadapsar
7947312172,6586518506,2026-08-07T16:51:42+05:30,1470,T04,Warje
9556464170,6928565431,2026-08-07T17:18:28+05:30,1694,T03,Hadapsar
8650609835,7400842710,2026-08-07T18:34:33+05:30,147,T06,Yerwada
7400842710,8650609835,2026-08-07T19:06:32+05:30,1699,T06,Yerwada
6596401658,9429671756,2026-08-07T19:22:08+05:30,1611,T10,Baner
7734670656,6627204653,2026-08-07T19:34:02+05:30,327,T10,Baner
7799650752,7029702135,2026-08-07T19:56:21+05:30,1112,T07,Hinjewadi
8717464887,8678669125,2026-08-07T20:24:01+05:30,1267,T04,Warje
8981829922,8168784991,2026-08-07T20:48:35+05:30,921,T09,Camp
7583132370,7799650752,2026-08-07T22:25:59+05:30,1651,T07,Hinjewadi
9801824225,9652775841,2026-08-07T22:26:36+05:30,1696,T08,Swargate
9556464170,9190659401,2026-08-07T23:01:29+05:30,118,T05,Kondhwa
6278681447,9169284511,2026-08-07T23:03:45+05:30,483,T06,Yerwada
9769453147,9190659401,2026-08-07T23:20:36+05:30,1622,T10,Baner
9354549480,6715451680,2026-08-08T00:36:16+05:30,61,T07,Hinjewadi
6278681447,8717464887,2026-08-08T01:13:43+05:30,613,T05,Kondhwa
7165585239,7782639821,2026-08-08T04:54:17+05:30,53,T04,Warje
6278681447,9155188442,2026-08-08T06:15:13+05:30,1009,T03,Hadapsar
9169284511,7799650752,2026-08-08T06:28:28+05:30,1462,T09,Camp
6537147321,9907844736,2026-08-08T07:18:32+05:30,844,T06,Yerwada
7991241904,7327193745,2026-08-08T07:25:05+05:30,772,T02,Shivajinagar
9603859770,9662702895,2026-08-08T07:40:50+05:30,1112,T10,Baner
7782639821,7278774701,2026-08-08T07:44:07+05:30,447,T01,Kothrud
7990490278,7799650752,2026-08-08T08:31:40+05:30,345,T01,Kothrud
7029702135,6531003309,2026-08-08T08:32:39+05:30,766,T01,Kothrud
8650609835,8658404499,2026-08-08T09:20:34+05:30,1486,T04,Warje
9155188442,6778528922,2026-08-08T09:23:52+05:30,866,T01,Kothrud
6928565431,8690927557,2026-08-08T10:09:10+05:30,580,T04,Warje
9278755886,9662702895,2026-08-08T12:33:49+05:30,894,T07,Hinjewadi
9533963605,9603859770,2026-08-08T13:33:51+05:30,1182,T05,Kondhwa
7327193745,6586518506,2026-08-08T15:42:42+05:30,1749,T08,Swargate
8447962757,7947312172,2026-08-08T17:29:45+05:30,1180,T05,Kondhwa
9165726284,8512567468,2026-08-08T18:48:38+05:30,120,T07,Hinjewadi
8447962757,8512567468,2026-08-08T19:43:57+05:30,1503,T05,Kondhwa
7583132370,9769453147,2026-08-08T20:24:59+05:30,287,T07,Hinjewadi
9556464170,9652775841,2026-08-08T21:12:46+05:30,267,T02,Shivajinagar
8777520471,9907844736,2026-08-08T22:32:32+05:30,418,T08,Swargate
6671902294,7482477109,2026-08-08T22:47:53+05:30,1752,T07,Hinjewadi
7327193745,8690927557,2026-08-08T23:01:04+05:30,1299,T10,Baner
7991241904,7799650752,2026-08-08T23:12:58+05:30,1523,T08,Swargate
8512567468,8895782911,2026-08-08T23:28:12+05:30,896,T02,Shivajinagar
9662702895,9603859770,2026-08-09T01:56:32+05:30,1391,T02,Shivajinagar
9769453147,9165726284,2026-08-09T05:11:27+05:30,640,T07,Hinjewadi
9169284511,7029702135,2026-08-09T05:44:04+05:30,1335,T06,Yerwada
9774964990,7327193745,2026-08-09T06:39:14+05:30,896,T01,Kothrud
8685574443,8710276773,2026-08-09T06:42:01+05:30,437,T01,Kothrud
7327193745,8713493618,2026-08-09T07:29:19+05:30,787,T08,Swargate
6278681447,8895782911,2026-08-09T07:50:34+05:30,1014,T04,Warje
6334123281,9556464170,2026-08-09T08:39:32+05:30,1755,T04,Warje
7583132370,9556464170,2026-08-09T08:57:28+05:30,140,T08,Swargate
9769453147,8678669125,2026-08-09T11:38:34+05:30,1651,T05,Kondhwa
9127484677,7400842710,2026-08-09T12:00:12+05:30,81,T02,Shivajinagar
6531003309,9652775841,2026-08-09T12:05:08+05:30,526,T10,Baner
6278681447,9631931491,2026-08-09T13:42:01+05:30,1798,T03,Hadapsar
8658404499,9907844736,2026-08-09T14:55:54+05:30,675,T09,Camp
8710276773,9533963605,2026-08-09T17:06:52+05:30,665,T04,Warje
8658404499,9278755886,2026-08-09T17:37:17+05:30,161,T07,Hinjewadi
8717464887,6928565431,2026-08-09T17:42:35+05:30,1756,T05,Kondhwa
6531003309,8717464887,2026-08-09T19:05:25+05:30,1652,T04,Warje
8650609835,6351823374,2026-08-09T19:45:08+05:30,326,T04,Warje
7583132370,6278681447,2026-08-09T20:04:16+05:30,631,T05,Kondhwa
6596401658,7583132370,2026-08-09T20:32:45+05:30,877,T07,Hinjewadi
7400842710,7782639821,2026-08-09T21:02:47+05:30,962,T04,Warje
8895782911,7583132370,2026-08-09T22:21:34+05:30,444,T09,Camp
8690927557,6627204653,2026-08-09T22:38:28+05:30,604,T09,Camp
9165726284,7991241904,2026-08-09T23:27:43+05:30,1087,T08,Swargate
7067974034,8678669125,2026-08-09T23:49:54+05:30,1049,T05,Kondhwa
9190659401,6778528922,2026-08-10T02:50:02+05:30,963,T06,Yerwada
8777520471,6469632595,2026-08-10T04:02:54+05:30,1714,T08,Swargate
6531003309,6928565431,2026-08-10T06:19:11+05:30,1027,T07,Hinjewadi
8512567468,9769453147,2026-08-10T06:29:23+05:30,1543,T01,Kothrud
6537147321,6715451680,2026-08-10T06:55:12+05:30,1527,T05,Kondhwa
7584143842,8777520471,2026-08-10T08:33:21+05:30,616,T04,Warje
7782639821,6715451680,2026-08-10T09:18:12+05:30,536,T07,Hinjewadi
6627204653,9631931491,2026-08-10T10:11:11+05:30,1294,T06,Yerwada
8895782911,8717464887,2026-08-10T10:40:36+05:30,1131,T08,Swargate
8710276773,8925556258,2026-08-10T12:10:57+05:30,102,T08,Swargate
6278681447,8895782911,2026-08-10T13:25:24+05:30,431,T04,Warje
8685574443,7400842710,2026-08-10T13:44:37+05:30,959,T09,Camp
8685574443,9800025787,2026-08-10T14:17:20+05:30,1107,T09,Camp
7799650752,7583132370,2026-08-10T14:28:39+05:30,1231,T08,Swargate
6586518506,8895782911,2026-08-10T15:48:20+05:30,766,T03,Hadapsar
8685574443,9873395004,2026-08-10T17:52:36+05:30,1362,T05,Kondhwa
7165585239,6469632595,2026-08-10T19:35:44+05:30,1188,T04,Warje
6351823374,8900109439,2026-08-10T20:58:11+05:30,399,T08,Swargate
6531003309,7327193745,2026-08-10T21:01:32+05:30,722,T10,Baner
9801824225,9774964990,2026-08-10T23:24:28+05:30,958,T06,Yerwada
9533963605,6537147321,2026-08-10T23:40:26+05:30,792,T09,Camp
8900109439,9974801624,2026-08-11T00:59:47+05:30,370,T09,Camp
6351823374,6143634957,2026-08-11T01:14:42+05:30,1372,T02,Shivajinagar
7947312172,9652775841,2026-08-11T04:59:13+05:30,397,T05,Kondhwa
6334123281,6278681447,2026-08-11T06:05:54+05:30,1404,T02,Shivajinagar
9974801624,8777520471,2026-08-11T06:27:56+05:30,1315,T09,Camp
9533963605,8134352408,2026-08-11T06:47:58+05:30,1080,T03,Hadapsar
6278681447,7327193745,2026-08-11T07:14:46+05:30,1655,T07,Hinjewadi
7990490278,9774964990,2026-08-11T08:55:19+05:30,119,T05,Kondhwa
8447962757,6596401658,2026-08-11T12:33:00+05:30,166,T02,Shivajinagar
7990490278,6928565431,2026-08-11T13:13:04+05:30,1716,T02,Shivajinagar
6334123281,9774964990,2026-08-11T13:18:40+05:30,1224,T04,Warje
7136783777,7165585239,2026-08-11T13:25:53+05:30,1368,T10,Baner
6586518506,6334123281,2026-08-11T14:02:50+05:30,492,T01,Kothrud
9429671756,8895782911,2026-08-11T16:44:58+05:30,587,T07,Hinjewadi
9429671756,7067974034,2026-08-11T17:04:37+05:30,779,T04,Warje
7165585239,8925556258,2026-08-11T17:11:19+05:30,233,T02,Shivajinagar
6334123281,9429671756,2026-08-11T19:13:01+05:30,1148,T07,Hinjewadi
6715451680,8168784991,2026-08-11T19:19:13+05:30,279,T05,Kondhwa
9429671756,8690927557,2026-08-11T20:15:35+05:30,1228,T10,Baner
6278681447,9429671756,2026-08-11T21:49:04+05:30,688,T09,Camp
6671902294,6537147321,2026-08-11T22:31:15+05:30,431,T03,Hadapsar
8900109439,9533963605,2026-08-11T23:57:11+05:30,438,T08,Swargate
9278755886,7248086131,2026-08-12T00:36:12+05:30,251,T09,Camp
8210470952,6531003309,2026-08-12T00:38:00+05:30,403,T10,Baner
7248086131,9873395004,2026-08-12T00:48:07+05:30,1403,T05,Kondhwa
7583132370,7029702135,2026-08-12T01:06:16+05:30,1633,T10,Baner
6928565431,7991241904,2026-08-12T01:26:28+05:30,1595,T09,Camp
8210470952,9165726284,2026-08-12T02:38:00+05:30,526,T10,Baner
8210470952,9631931491,2026-08-12T02:52:00+05:30,1661,T10,Baner
8210470952,7991241904,2026-08-12T03:28:00+05:30,557,T10,Baner
8210470952,9556464170,2026-08-12T03:52:00+05:30,229,T10,Baner
8210470952,6627204653,2026-08-12T03:55:00+05:30,1083,T10,Baner
7248086131,9278755886,2026-08-12T04:09:05+05:30,254,T03,Hadapsar
9556464170,9631931491,2026-08-12T06:21:18+05:30,240,T02,Shivajinagar
9127484677,8650609835,2026-08-12T06:35:54+05:30,698,T09,Camp
9603859770,9127484677,2026-08-12T06:53:20+05:30,274,T08,Swargate
9165726284,6278681447,2026-08-12T07:02:11+05:30,43,T04,Warje
9800025787,6671902294,2026-08-12T07:44:45+05:30,115,T10,Baner
9769453147,9429671756,2026-08-12T08:21:09+05:30,1378,T08,Swargate
6334123281,8690927557,2026-08-12T08:26:11+05:30,1781,T08,Swargate
6334123281,6278681447,2026-08-12T09:27:44+05:30,766,T09,Camp
7327193745,8895782911,2026-08-12T10:20:08+05:30,899,T01,Kothrud
6596401658,6778528922,2026-08-12T10:36:41+05:30,1237,T07,Hinjewadi
9662702895,8925556258,2026-08-12T11:07:41+05:30,1264,T08,Swargate
8650609835,9354549480,2026-08-12T12:16:43+05:30,404,T02,Shivajinagar
7482477109,8777520471,2026-08-12T13:12:56+05:30,1463,T06,Yerwada
6143634957,6671902294,2026-08-12T14:28:06+05:30,338,T01,Kothrud
8678669125,7583132370,2026-08-12T16:12:19+05:30,1170,T07,Hinjewadi
9873395004,6715451680,2026-08-12T16:54:47+05:30,60,T07,Hinjewadi
7799650752,7729806990,2026-08-12T17:21:01+05:30,1637,T10,Baner
7734670656,8447962757,2026-08-12T17:24:48+05:30,1699,T04,Warje
7165585239,7400842710,2026-08-12T17:50:45+05:30,577,T01,Kothrud
8650609835,8777520471,2026-08-12T19:07:18+05:30,1217,T02,Shivajinagar
8981829922,6537147321,2026-08-12T22:04:31+05:30,1108,T10,Baner
7278774701,8981829922,2026-08-12T22:09:17+05:30,25,T03,Hadapsar
9603859770,9974801624,2026-08-12T22:18:15+05:30,941,T01,Kothrud
9556464170,6928565431,2026-08-12T23:47:18+05:30,651,T07,Hinjewadi
6469632595,9278755886,2026-08-13T01:09:44+05:30,107,T04,Warje
7947312172,9652775841,2026-08-13T03:14:33+05:30,551,T02,Shivajinagar
9127484677,9974801624,2026-08-13T05:46:01+05:30,361,T08,Swargate
7799650752,9631931491,2026-08-13T05:51:06+05:30,679,T08,Swargate
6469632595,6537147321,2026-08-13T05:57:00+05:30,488,T07,Hinjewadi
7782639821,7278774701,2026-08-13T06:42:45+05:30,1679,T09,Camp
9190659401,7242102499,2026-08-13T07:42:34+05:30,1374,T04,Warje
9278755886,9533963605,2026-08-13T08:00:38+05:30,1078,T03,Hadapsar
8678669125,7729806990,2026-08-13T08:10:03+05:30,1785,T04,Warje
7248086131,6143634957,2026-08-13T08:18:24+05:30,201,T09,Camp
8710276773,7782639821,2026-08-13T08:24:37+05:30,1155,T07,Hinjewadi
7729806990,8713493618,2026-08-13T08:43:29+05:30,1489,T06,Yerwada
8717464887,6334123281,2026-08-13T09:12:31+05:30,811,T09,Camp
9662702895,8981829922,2026-08-13T09:38:14+05:30,95,T03,Hadapsar
7990490278,8713493618,2026-08-13T11:30:37+05:30,172,T10,Baner
6627204653,8447962757,2026-08-13T11:35:00+05:30,1458,T02,Shivajinagar
8777520471,9533963605,2026-08-13T11:35:00+05:30,1624,T10,Baner
8658404499,7584143842,2026-08-13T12:17:35+05:30,1536,T05,Kondhwa
7327193745,8690927557,2026-08-13T13:01:38+05:30,416,T03,Hadapsar
8925556258,8650609835,2026-08-13T14:02:26+05:30,1405,T08,Swargate
6715451680,6351823374,2026-08-13T14:31:49+05:30,93,T05,Kondhwa
7278774701,7165585239,2026-08-13T15:49:04+05:30,1205,T05,Kondhwa
7990490278,7029702135,2026-08-13T16:42:51+05:30,322,T09,Camp
9190659401,8713493618,2026-08-13T17:22:52+05:30,701,T01,Kothrud
6531003309,7729806990,2026-08-13T17:42:58+05:30,412,T01,Kothrud
7029702135,9155188442,2026-08-13T17:52:09+05:30,357,T01,Kothrud
6586518506,7583132370,2026-08-13T18:50:24+05:30,315,T08,Swargate
7067974034,6334123281,2026-08-13T19:12:50+05:30,38,T08,Swargate
7583132370,6586518506,2026-08-13T19:55:49+05:30,12,T03,Hadapsar
9127484677,6469632595,2026-08-13T20:44:51+05:30,1691,T06,Yerwada
9652775841,9769453147,2026-08-13T21:08:02+05:30,380,T01,Kothrud
6143634957,8900109439,2026-08-13T21:50:57+05:30,1469,T05,Kondhwa
9533963605,9974801624,2026-08-13T22:13:33+05:30,1222,T04,Warje
7729806990,7327193745,2026-08-13T22:14:21+05:30,179,T02,Shivajinagar
8650609835,9662702895,2026-08-13T22:19:26+05:30,1647,T03,Hadapsar
6586518506,9429671756,2026-08-13T22:41:53+05:30,1314,T07,Hinjewadi
9631931491,8713493618,2026-08-13T23:25:18+05:30,1690,T03,Hadapsar
6537147321,8134352408,2026-08-14T04:18:14+05:30,325,T07,Hinjewadi
9652775841,9801824225,2026-08-14T04:26:23+05:30,1149,T05,Kondhwa
9907844736,8925556258,2026-08-14T04:29:24+05:30,957,T02,Shivajinagar
9662702895,8168784991,2026-08-14T06:32:22+05:30,369,T03,Hadapsar
8650609835,8925556258,2026-08-14T07:44:04+05:30,1420,T07,Hinjewadi
7991241904,7734670656,2026-08-14T08:18:37+05:30,748,T06,Yerwada
8685574443,8134352408,2026-08-14T08:29:49+05:30,949,T06,Yerwada
7400842710,9533963605,2026-08-14T08:38:28+05:30,1201,T02,Shivajinagar
8925556258,8650609835,2026-08-14T09:08:59+05:30,1270,T01,Kothrud
7584143842,7136783777,2026-08-14T11:50:58+05:30,567,T01,Kothrud
6334123281,6928565431,2026-08-14T12:22:08+05:30,500,T04,Warje
9974801624,6671902294,2026-08-14T13:00:16+05:30,149,T07,Hinjewadi
7583132370,6928565431,2026-08-14T13:22:28+05:30,315,T01,Kothrud
8650609835,7782639821,2026-08-14T13:22:48+05:30,732,T02,Shivajinagar
9127484677,9603859770,2026-08-14T13:47:42+05:30,1120,T05,Kondhwa
7136783777,8650609835,2026-08-14T16:10:02+05:30,890,T03,Hadapsar
9556464170,9631931491,2026-08-14T16:30:38+05:30,423,T09,Camp
9873395004,6537147321,2026-08-14T16:31:20+05:30,1678,T10,Baner
8685574443,7278774701,2026-08-14T18:15:35+05:30,1534,T01,Kothrud
8690927557,7734670656,2026-08-14T20:03:52+05:30,1211,T02,Shivajinagar
9907844736,9278755886,2026-08-14T20:04:36+05:30,243,T01,Kothrud
8717464887,7327193745,2026-08-14T21:21:02+05:30,701,T05,Kondhwa
8447962757,7947312172,2026-08-14T21:26:06+05:30,1440,T07,Hinjewadi
7729806990,9429671756,2026-08-14T21:29:58+05:30,1173,T07,Hinjewadi
9662702895,7165585239,2026-08-14T21:37:58+05:30,186,T03,Hadapsar
9354549480,8685574443,2026-08-14T22:11:24+05:30,1765,T02,Shivajinagar
9169284511,6596401658,2026-08-14T22:13:40+05:30,284,T05,Kondhwa
6778528922,7029702135,2026-08-14T22:34:11+05:30,1391,T06,Yerwada
6928565431,9169284511,2026-08-14T22:41:16+05:30,318,T09,Camp
8168784991,9533963605,2026-08-14T22:50:40+05:30,569,T10,Baner
7067974034,6278681447,2026-08-14T23:12:35+05:30,978,T10,Baner
7991241904,6586518506,2026-08-14T23:37:53+05:30,556,T10,Baner
7278774701,7165585239,2026-08-15T00:09:08+05:30,686,T07,Hinjewadi
7729806990,9556464170,2026-08-15T01:34:42+05:30,1771,T10,Baner
6627204653,7734670656,2026-08-15T04:26:28+05:30,1720,T08,Swargate
9662702895,9127484677,2026-08-15T04:53:50+05:30,1423,T04,Warje
9974801624,8658404499,2026-08-15T05:42:41+05:30,1515,T10,Baner
8690927557,6278681447,2026-08-15T05:46:40+05:30,1083,T08,Swargate
7990490278,7734670656,2026-08-15T07:03:22+05:30,430,T10,Baner
7242102499,6531003309,2026-08-15T08:05:08+05:30,298,T01,Kothrud
6143634957,8925556258,2026-08-15T08:08:53+05:30,672,T02,Shivajinagar
8650609835,6671902294,2026-08-15T09:00:43+05:30,634,T06,Yerwada
7067974034,9556464170,2026-08-15T09:18:04+05:30,1499,T08,Swargate
9429671756,9556464170,2026-08-15T09:44:42+05:30,411,T09,Camp
9354549480,9800025787,2026-08-15T10:05:54+05:30,621,T06,Yerwada
8685574443,9603859770,2026-08-15T10:08:09+05:30,1335,T04,Warje
9169284511,8678669125,2026-08-15T11:14:49+05:30,877,T09,Camp
9873395004,8650609835,2026-08-15T11:33:22+05:30,1035,T08,Swargate
8134352408,8710276773,2026-08-15T12:02:12+05:30,1789,T03,Hadapsar
9127484677,7400842710,2026-08-15T12:33:30+05:30,956,T02,Shivajinagar
9155188442,9774964990,2026-08-15T12:46:32+05:30,423,T09,Camp
7136783777,8981829922,2026-08-15T13:13:41+05:30,469,T05,Kondhwa
6143634957,8710276773,2026-08-15T14:54:51+05:30,1018,T04,Warje
9907844736,6537147321,2026-08-15T14:58:48+05:30,1264,T08,Swargate
8690927557,6586518506,2026-08-15T15:43:45+05:30,1646,T05,Kondhwa
8678669125,7729806990,2026-08-15T15:59:44+05:30,1125,T08,Swargate
8690927557,6627204653,2026-08-15T16:00:15+05:30,404,T01,Kothrud
8134352408,9873395004,2026-08-15T16:30:38+05:30,507,T04,Warje
7584143842,9873395004,2026-08-15T16:40:33+05:30,1718,T08,Swargate
6671902294,6351823374,2026-08-15T17:26:48+05:30,1799,T03,Hadapsar
9155188442,7734670656,2026-08-15T17:57:12+05:30,863,T09,Camp
6531003309,9801824225,2026-08-15T18:05:37+05:30,1029,T01,Kothrud
9800025787,9354549480,2026-08-15T18:06:34+05:30,1567,T10,Baner
6928565431,9769453147,2026-08-15T18:24:11+05:30,504,T07,Hinjewadi
8690927557,8717464887,2026-08-15T19:40:47+05:30,1252,T09,Camp
7248086131,6671902294,2026-08-15T22:14:55+05:30,1460,T04,Warje
9800025787,8658404499,2026-08-15T23:37:38+05:30,908,T10,Baner
6318699938,9354549480,2026-08-16T03:43:45+05:30,1168,T06,Yerwada
9354549480,8710276773,2026-08-16T04:22:33+05:30,1084,T02,Shivajinagar
8895782911,6334123281,2026-08-16T04:33:04+05:30,517,T05,Kondhwa
9662702895,8650609835,2026-08-16T05:44:19+05:30,1400,T09,Camp
9631931491,9169284511,2026-08-16T05:47:24+05:30,1321,T07,Hinjewadi
8658404499,8685574443,2026-08-16T06:04:46+05:30,1494,T08,Swargate
9774964990,9429671756,2026-08-16T06:18:56+05:30,1244,T06,Yerwada
8981829922,9533963605,2026-08-16T07:18:09+05:30,237,T08,Swargate
9556464170,7799650752,2026-08-16T08:12:30+05:30,830,T01,Kothrud
7248086131,6469632595,2026-08-16T08:34:25+05:30,604,T01,Kothrud
6596401658,6586518506,2026-08-16T09:03:52+05:30,546,T01,Kothrud
9603859770,9907844736,2026-08-16T09:42:29+05:30,828,T01,Kothrud
9278755886,8650609835,2026-08-16T09:49:44+05:30,856,T10,Baner
6531003309,7991241904,2026-08-16T09:51:24+05:30,264,T09,Camp
9631931491,8717464887,2026-08-16T09:59:00+05:30,1143,T01,Kothrud
9801824225,6586518506,2026-08-16T10:08:27+05:30,177,T07,Hinjewadi
9652775841,7990490278,2026-08-16T10:28:53+05:30,999,T09,Camp
9662702895,6143634957,2026-08-16T11:42:31+05:30,706,T06,Yerwada
7990490278,9190659401,2026-08-16T12:02:27+05:30,1353,T05,Kondhwa
9631931491,6586518506,2026-08-16T12:42:40+05:30,195,T05,Kondhwa
8650609835,8925556258,2026-08-16T13:21:05+05:30,1090,T01,Kothrud
9873395004,8710276773,2026-08-16T13:28:08+05:30,142,T10,Baner
9429671756,6778528922,2026-08-16T13:29:52+05:30,954,T09,Camp
6778528922,8447962757,2026-08-16T13:34:05+05:30,791,T01,Kothrud
7990490278,7242102499,2026-08-16T13:48:40+05:30,258,T10,Baner
7991241904,9801824225,2026-08-16T13:55:12+05:30,714,T09,Camp
6596401658,6586518506,2026-08-16T14:10:06+05:30,580,T04,Warje
9603859770,7782639821,2026-08-16T14:31:49+05:30,249,T08,Swargate
9354549480,8650609835,2026-08-16T15:12:52+05:30,1323,T09,Camp
7278774701,9127484677,2026-08-16T15:14:44+05:30,1296,T02,Shivajinagar
7782639821,8981829922,2026-08-16T15:28:56+05:30,1511,T08,Swargate
8690927557,6278681447,2026-08-16T15:43:06+05:30,235,T05,Kondhwa
9429671756,8447962757,2026-08-16T16:12:06+05:30,243,T06,Yerwada
6531003309,8895782911,2026-08-16T18:11:53+05:30,611,T04,Warje
8981829922,7136783777,2026-08-16T18:47:58+05:30,477,T08,Swargate
9801824225,6627204653,2026-08-16T19:21:33+05:30,108,T01,Kothrud
9127484677,6351823374,2026-08-16T19:36:02+05:30,1009,T03,Hadapsar
9127484677,8900109439,2026-08-16T19:52:21+05:30,959,T06,Yerwada
7327193745,7583132370,2026-08-16T19:54:21+05:30,872,T05,Kondhwa
8895782911,7991241904,2026-08-16T19:57:50+05:30,331,T01,Kothrud
9278755886,8650609835,2026-08-16T20:32:42+05:30,269,T07,Hinjewadi
6596401658,6778528922,2026-08-16T20:37:40+05:30,140,T08,Swargate
7029702135,7327193745,2026-08-16T20:53:50+05:30,981,T03,Hadapsar
6537147321,9127484677,2026-08-16T21:21:33+05:30,376,T08,Swargate
7947312172,7067974034,2026-08-16T21:27:13+05:30,1489,T08,Swargate
7729806990,7583132370,2026-08-16T22:40:06+05:30,382,T06,Yerwada
9652775841,7990490278,2026-08-16T22:41:29+05:30,1472,T03,Hadapsar
8658404499,6143634957,2026-08-16T23:17:07+05:30,1602,T07,Hinjewadi
6143634957,9354549480,2026-08-16T23:59:19+05:30,1315,T10,Baner
6143634957,8925556258,2026-08-17T02:19:57+05:30,1735,T09,Camp
7734670656,6627204653,2026-08-17T02:23:48+05:30,1210,T04,Warje
8690927557,9429671756,2026-08-17T02:37:49+05:30,820,T02,Shivajinagar
7583132370,9165726284,2026-08-17T03:30:33+05:30,1789,T10,Baner
8690927557,9190659401,2026-08-17T04:36:09+05:30,775,T09,Camp
9354549480,8658404499,2026-08-17T04:50:12+05:30,663,T05,Kondhwa
7278774701,6537147321,2026-08-17T05:42:02+05:30,133,T09,Camp
8713493618,7947312172,2026-08-17T06:08:18+05:30,553,T09,Camp
8895782911,9429671756,2026-08-17T07:32:42+05:30,1478,T09,Camp
7029702135,9801824225,2026-08-17T08:54:14+05:30,1130,T07,Hinjewadi
6143634957,9662702895,2026-08-17T09:09:12+05:30,47,T03,Hadapsar
8981829922,9278755886,2026-08-17T09:27:44+05:30,764,T02,Shivajinagar
9662702895,8685574443,2026-08-17T11:38:12+05:30,800,T08,Swargate
8690927557,9556464170,2026-08-17T12:42:25+05:30,1677,T09,Camp
9190659401,7734670656,2026-08-17T13:25:21+05:30,537,T08,Swargate
7029702135,6586518506,2026-08-17T13:28:43+05:30,652,T06,Yerwada
7990490278,9155188442,2026-08-17T13:38:03+05:30,939,T01,Kothrud
8900109439,6469632595,2026-08-17T13:59:41+05:30,353,T05,Kondhwa
9603859770,7400842710,2026-08-17T14:44:38+05:30,164,T10,Baner
8685574443,6715451680,2026-08-17T15:00:44+05:30,344,T01,Kothrud
6334123281,9801824225,2026-08-17T15:03:08+05:30,315,T02,Shivajinagar
7067974034,9801824225,2026-08-17T16:03:17+05:30,1728,T06,Yerwada
9801824225,6586518506,2026-08-17T17:26:02+05:30,1117,T08,Swargate
7278774701,7482477109,2026-08-17T18:49:25+05:30,656,T05,Kondhwa
8925556258,9533963605,2026-08-17T18:58:05+05:30,1211,T07,Hinjewadi
8717464887,6334123281,2026-08-17T19:46:31+05:30,1033,T09,Camp
7327193745,6928565431,2026-08-17T19:51:49+05:30,325,T09,Camp
7584143842,8900109439,2026-08-17T20:26:41+05:30,305,T07,Hinjewadi
7583132370,7067974034,2026-08-17T21:43:58+05:30,1422,T10,Baner
8717464887,6596401658,2026-08-17T22:10:51+05:30,349,T05,Kondhwa
8658404499,6671902294,2026-08-17T22:20:17+05:30,63,T01,Kothrud
8690927557,9769453147,2026-08-17T23:05:38+05:30,148,T03,Hadapsar
8658404499,9127484677,2026-08-17T23:35:28+05:30,1452,T01,Kothrud
7734670656,9169284511,2026-08-17T23:37:16+05:30,700,T06,Yerwada
8710276773,9603859770,2026-08-17T23:51:29+05:30,1466,T07,Hinjewadi
8713493618,7947312172,2026-08-18T02:40:18+05:30,1438,T01,Kothrud
7991241904,7729806990,2026-08-18T04:54:50+05:30,1642,T10,Baner
9603859770,6469632595,2026-08-18T05:37:50+05:30,241,T01,Kothrud
7400842710,9873395004,2026-08-18T05:48:52+05:30,1754,T05,Kondhwa
9907844736,8650609835,2026-08-18T06:06:18+05:30,640,T08,Swargate
8925556258,8685574443,2026-08-18T06:07:41+05:30,907,T08,Swargate
7782639821,6537147321,2026-08-18T06:25:17+05:30,1359,T06,Yerwada
7242102499,8447962757,2026-08-18T06:57:30+05:30,1116,T10,Baner
9800025787,9354549480,2026-08-18T08:50:34+05:30,509,T06,Yerwada
8658404499,6537147321,2026-08-18T08:51:27+05:30,757,T01,Kothrud
8168784991,8777520471,2026-08-18T09:16:24+05:30,790,T04,Warje
6278681447,9556464170,2026-08-18T09:32:18+05:30,408,T07,Hinjewadi
8713493618,8895782911,2026-08-18T10:34:30+05:30,1014,T07,Hinjewadi
9603859770,6671902294,2026-08-18T10:39:43+05:30,1177,T01,Kothrud
8900109439,8685574443,2026-08-18T12:57:47+05:30,912,T03,Hadapsar
8710276773,8658404499,2026-08-18T13:56:23+05:30,1178,T02,Shivajinagar
6537147321,9533963605,2026-08-18T14:00:24+05:30,1722,T05,Kondhwa
7729806990,7991241904,2026-08-18T14:51:22+05:30,1475,T09,Camp
7799650752,8713493618,2026-08-18T15:36:21+05:30,67,T10,Baner
7327193745,7991241904,2026-08-18T16:25:12+05:30,94,T10,Baner
6715451680,8134352408,2026-08-18T16:52:46+05:30,750,T06,Yerwada
6351823374,7584143842,2026-08-18T16:54:05+05:30,1213,T03,Hadapsar
6531003309,9774964990,2026-08-18T16:58:51+05:30,257,T06,Yerwada
7990490278,9631931491,2026-08-18T17:04:15+05:30,62,T06,Yerwada
8925556258,9354549480,2026-08-18T17:12:22+05:30,1670,T02,Shivajinagar
6469632595,9873395004,2026-08-18T17:21:13+05:30,295,T07,Hinjewadi
6671902294,8134352408,2026-08-18T17:58:48+05:30,1625,T08,Swargate
9278755886,8981829922,2026-08-18T18:10:40+05:30,826,T07,Hinjewadi
6715451680,7248086131,2026-08-18T19:22:17+05:30,642,T09,Camp
7991241904,7327193745,2026-08-18T21:11:46+05:30,1559,T07,Hinjewadi
7136783777,6671902294,2026-08-18T21:19:16+05:30,22,T08,Swargate
7729806990,7583132370,2026-08-18T22:35:38+05:30,839,T10,Baner
6278681447,8512567468,2026-08-18T22:41:20+05:30,1473,T10,Baner
7947312172,8447962757,2026-08-18T22:54:10+05:30,881,T02,Shivajinagar
7482477109,7584143842,2026-08-19T00:14:42+05:30,1764,T03,Hadapsar
9662702895,7165585239,2026-08-19T00:27:22+05:30,593,T05,Kondhwa
8658404499,8925556258,2026-08-19T04:26:41+05:30,544,T05,Kondhwa
9533963605,8685574443,2026-08-19T04:29:16+05:30,1254,T08,Swargate
9801824225,8678669125,2026-08-19T05:28:35+05:30,833,T06,Yerwada
6928565431,7242102499,2026-08-19T06:06:55+05:30,1782,T08,Swargate
8134352408,9354549480,2026-08-19T07:10:13+05:30,1031,T05,Kondhwa
8900109439,7278774701,2026-08-19T07:18:02+05:30,1440,T03,Hadapsar
9278755886,8650609835,2026-08-19T07:43:56+05:30,1059,T06,Yerwada
9127484677,8777520471,2026-08-19T08:18:09+05:30,491,T01,Kothrud
8685574443,9974801624,2026-08-19T09:24:38+05:30,552,T06,Yerwada
8710276773,8685574443,2026-08-19T09:24:57+05:30,778,T10,Baner
7248086131,9354549480,2026-08-19T10:28:32+05:30,603,T04,Warje
7583132370,9631931491,2026-08-19T10:37:14+05:30,421,T03,Hadapsar
6715451680,7136783777,2026-08-19T11:21:35+05:30,1057,T03,Hadapsar
7242102499,6778528922,2026-08-19T11:30:42+05:30,844,T05,Kondhwa
7482477109,9354549480,2026-08-19T12:26:23+05:30,1530,T06,Yerwada
9907844736,9800025787,2026-08-19T12:34:47+05:30,771,T03,Hadapsar
7584143842,9873395004,2026-08-19T12:41:46+05:30,1605,T03,Hadapsar
8447962757,9652775841,2026-08-19T13:02:41+05:30,1543,T02,Shivajinagar
8713493618,9165726284,2026-08-19T13:03:02+05:30,713,T01,Kothrud
9169284511,7947312172,2026-08-19T13:55:12+05:30,1331,T01,Kothrud
8713493618,7947312172,2026-08-19T14:16:41+05:30,430,T07,Hinjewadi
7782639821,9800025787,2026-08-19T15:17:58+05:30,1633,T08,Swargate
6627204653,7799650752,2026-08-19T15:30:04+05:30,411,T05,Kondhwa
8710276773,6537147321,2026-08-19T16:14:57+05:30,1191,T04,Warje
6596401658,8447962757,2026-08-19T16:20:28+05:30,797,T09,Camp
9354549480,8168784991,2026-08-19T16:35:26+05:30,1045,T09,Camp
6596401658,9429671756,2026-08-19T17:15:05+05:30,816,T10,Baner
7242102499,8512567468,2026-08-19T17:40:28+05:30,1136,T09,Camp
8447962757,7242102499,2026-08-19T17:44:54+05:30,81,T02,Shivajinagar
6596401658,9556464170,2026-08-19T19:40:12+05:30,113,T01,Kothrud
6778528922,9556464170,2026-08-19T20:01:20+05:30,1106,T07,Hinjewadi
6586518506,9769453147,2026-08-19T20:48:29+05:30,845,T04,Warje
8512567468,7947312172,2026-08-19T21:37:47+05:30,495,T09,Camp
9278755886,6715451680,2026-08-19T22:21:03+05:30,1762,T07,Hinjewadi
7248086131,6671902294,2026-08-19T23:36:56+05:30,390,T05,Kondhwa
6351823374,7278774701,2026-08-20T00:05:43+05:30,161,T05,Kondhwa
8678669125,9774964990,2026-08-20T00:23:33+05:30,587,T04,Warje
6596401658,9190659401,2026-08-20T02:48:43+05:30,1353,T08,Swargate
7583132370,9769453147,2026-08-20T03:43:06+05:30,1144,T08,Swargate
6531003309,8678669125,2026-08-20T03:43:45+05:30,732,T02,Shivajinagar
7584143842,9873395004,2026-08-20T04:13:41+05:30,1038,T05,Kondhwa
7400842710,7136783777,2026-08-20T04:27:11+05:30,225,T03,Hadapsar
8895782911,7991241904,2026-08-20T05:04:23+05:30,1072,T04,Warje
8685574443,9662702895,2026-08-20T05:05:48+05:30,828,T06,Yerwada
8900109439,6671902294,2026-08-20T05:07:32+05:30,86,T06,Yerwada
7136783777,7782639821,2026-08-20T06:15:15+05:30,29,T01,Kothrud
7278774701,6469632595,2026-08-20T06:32:22+05:30,1742,T04,Warje
7729806990,7991241904,2026-08-20T06:46:05+05:30,1398,T08,Swargate
7067974034,7991241904,2026-08-20T09:05:25+05:30,100,T03,Hadapsar
9873395004,6537147321,2026-08-20T09:12:19+05:30,1777,T08,Swargate
7278774701,6715451680,2026-08-20T09:28:28+05:30,784,T08,Swargate
6715451680,6469632595,2026-08-20T11:57:52+05:30,1539,T01,Kothrud
8678669125,7799650752,2026-08-20T12:20:40+05:30,1075,T06,Yerwada
6334123281,9769453147,2026-08-20T12:26:25+05:30,1730,T03,Hadapsar
6537147321,9354549480,2026-08-20T14:28:23+05:30,1199,T01,Kothrud
8658404499,7248086131,2026-08-20T16:45:37+05:30,693,T01,Kothrud
7400842710,6671902294,2026-08-20T17:01:52+05:30,1423,T01,Kothrud
8717464887,8690927557,2026-08-20T17:05:52+05:30,1765,T03,Hadapsar
8690927557,7991241904,2026-08-20T17:07:27+05:30,1539,T02,Shivajinagar
7734670656,7029702135,2026-08-20T18:28:40+05:30,285,T01,Kothrud
9169284511,9429671756,2026-08-20T18:58:22+05:30,703,T08,Swargate
7400842710,8650609835,2026-08-20T22:34:42+05:30,267,T04,Warje
6143634957,9354549480,2026-08-20T23:34:34+05:30,1347,T05,Kondhwa
6469632595,7400842710,2026-08-20T23:38:36+05:30,550,T03,Hadapsar
9974801624,8777520471,2026-08-21T00:17:44+05:30,1214,T05,Kondhwa
7799650752,9774964990,2026-08-21T02:58:21+05:30,52,T02,Shivajinagar
6778528922,6627204653,2026-08-21T04:54:27+05:30,1289,T04,Warje
6928565431,9169284511,2026-08-21T04:55:29+05:30,667,T03,Hadapsar
8685574443,7400842710,2026-08-21T06:15:12+05:30,1249,T06,Yerwada
8777520471,8900109439,2026-08-21T06:16:02+05:30,958,T10,Baner
9169284511,9652775841,2026-08-21T06:31:01+05:30,1659,T01,Kothrud
9556464170,6928565431,2026-08-21T07:03:47+05:30,1610,T02,Shivajinagar
7991241904,7327193745,2026-08-21T09:44:09+05:30,1301,T01,Kothrud
6778528922,7729806990,2026-08-21T11:05:00+05:30,96,T08,Swargate
7990490278,7729806990,2026-08-21T11:23:06+05:30,741,T08,Swargate
6596401658,6627204653,2026-08-21T11:42:54+05:30,1384,T07,Hinjewadi
7990490278,9801824225,2026-08-21T12:01:14+05:30,918,T03,Hadapsar
6469632595,9873395004,2026-08-21T12:22:58+05:30,610,T10,Baner
9873395004,9974801624,2026-08-21T12:32:05+05:30,136,T10,Baner
8658404499,8925556258,2026-08-21T13:44:17+05:30,730,T01,Kothrud
7799650752,7990490278,2026-08-21T15:17:55+05:30,1469,T03,Hadapsar
9603859770,9127484677,2026-08-21T15:36:47+05:30,1325,T01,Kothrud
7734670656,9801824225,2026-08-21T15:58:37+05:30,1710,T08,Swargate
7991241904,6627204653,2026-08-21T16:43:08+05:30,1086,T08,Swargate
6469632595,8168784991,2026-08-21T18:05:23+05:30,352,T08,Swargate
9155188442,7583132370,2026-08-21T18:11:30+05:30,430,T10,Baner
8710276773,8925556258,2026-08-21T18:13:14+05:30,241,T03,Hadapsar
8925556258,8650609835,2026-08-21T20:11:41+05:30,1096,T06,Yerwada
6715451680,7400842710,2026-08-21T20:31:20+05:30,66,T03,Hadapsar
9556464170,8713493618,2026-08-21T21:05:55+05:30,874,T01,Kothrud
7400842710,9800025787,2026-08-21T21:40:35+05:30,1309,T01,Kothrud
9974801624,7782639821,2026-08-21T22:13:48+05:30,930,T04,Warje
6469632595,8777520471,2026-08-21T23:44:30+05:30,36,T09,Camp
6318699938,9354549480,2026-08-22T01:45:40+05:30,1330,T07,Hinjewadi
9155188442,6928565431,2026-08-22T02:12:58+05:30,1615,T01,Kothrud
6351823374,8685574443,2026-08-22T02:24:29+05:30,1674,T03,Hadapsar
7991241904,6596401658,2026-08-22T03:20:50+05:30,1681,T03,Hadapsar
7947312172,9652775841,2026-08-22T03:50:49+05:30,222,T07,Hinjewadi
6531003309,9165726284,2026-08-22T04:42:16+05:30,145,T04,Warje
6351823374,9603859770,2026-08-22T04:50:34+05:30,731,T10,Baner
7799650752,9801824225,2026-08-22T05:50:57+05:30,712,T02,Shivajinagar
8678669125,9769453147,2026-08-22T06:01:13+05:30,969,T10,Baner
9873395004,9127484677,2026-08-22T06:18:38+05:30,1469,T07,Hinjewadi
7990490278,7029702135,2026-08-22T06:33:54+05:30,167,T02,Shivajinagar
9662702895,9533963605,2026-08-22T06:45:26+05:30,289,T03,Hadapsar
9907844736,9278755886,2026-08-22T06:53:53+05:30,1452,T10,Baner
7165585239,7136783777,2026-08-22T06:54:25+05:30,827,T09,Camp
8900109439,7136783777,2026-08-22T08:14:51+05:30,1219,T07,Hinjewadi
8168784991,8658404499,2026-08-22T08:21:47+05:30,1440,T10,Baner
6586518506,6928565431,2026-08-22T08:46:37+05:30,509,T02,Shivajinagar
8713493618,8895782911,2026-08-22T09:10:29+05:30,440,T08,Swargate
9155188442,8690927557,2026-08-22T09:21:54+05:30,1373,T08,Swargate
7799650752,6627204653,2026-08-22T10:12:52+05:30,1654,T03,Hadapsar
7136783777,9873395004,2026-08-22T10:24:09+05:30,110,T07,Hinjewadi
7482477109,8981829922,2026-08-22T10:54:42+05:30,881,T02,Shivajinagar
8925556258,8168784991,2026-08-22T11:26:26+05:30,929,T07,Hinjewadi
6586518506,8678669125,2026-08-22T12:03:16+05:30,1710,T07,Hinjewadi
6671902294,6351823374,2026-08-22T12:13:31+05:30,1327,T03,Hadapsar
7278774701,8777520471,2026-08-22T12:49:01+05:30,1553,T10,Baner
6469632595,8658404499,2026-08-22T13:56:21+05:30,441,T06,Yerwada
6928565431,6586518506,2026-08-22T14:17:41+05:30,97,T02,Shivajinagar
6671902294,9662702895,2026-08-22T16:14:34+05:30,835,T03,Hadapsar
9974801624,8981829922,2026-08-22T16:26:42+05:30,1789,T08,Swargate
8925556258,6715451680,2026-08-22T17:01:50+05:30,1097,T02,Shivajinagar
8678669125,8690927557,2026-08-22T17:12:22+05:30,1447,T05,Kondhwa
7248086131,7136783777,2026-08-22T18:21:54+05:30,1058,T02,Shivajinagar
7991241904,8690927557,2026-08-22T19:25:09+05:30,1230,T10,Baner
7584143842,9974801624,2026-08-22T20:32:00+05:30,276,T02,Shivajinagar
6778528922,8717464887,2026-08-22T20:35:06+05:30,1381,T10,Baner
9974801624,9354549480,2026-08-22T20:43:51+05:30,1528,T04,Warje
6469632595,7248086131,2026-08-22T20:45:40+05:30,828,T10,Baner
9603859770,7584143842,2026-08-22T21:31:56+05:30,476,T05,Kondhwa
8650609835,9603859770,2026-08-22T22:08:29+05:30,1236,T09,Camp
7583132370,7799650752,2026-08-22T22:59:45+05:30,479,T03,Hadapsar
7584143842,8134352408,2026-08-22T23:18:08+05:30,1024,T07,Hinjewadi
7067974034,7583132370,2026-08-23T00:15:25+05:30,976,T01,Kothrud
7734670656,7729806990,2026-08-23T04:20:29+05:30,10,T05,Kondhwa
9800025787,6671902294,2026-08-23T04:34:52+05:30,1371,T10,Baner
8925556258,6715451680,2026-08-23T05:05:07+05:30,1654,T09,Camp
9155188442,7799650752,2026-08-23T05:38:21+05:30,182,T06,Yerwada
9354549480,7136783777,2026-08-23T06:19:51+05:30,1172,T07,Hinjewadi
6318699938,9354549480,2026-08-23T07:11:32+05:30,1091,T02,Shivajinagar
7584143842,9354549480,2026-08-23T07:35:58+05:30,1602,T08,Swargate
7584143842,9533963605,2026-08-23T07:49:55+05:30,285,T04,Warje
6627204653,8512567468,2026-08-23T08:16:23+05:30,709,T10,Baner
9907844736,6537147321,2026-08-23T08:27:05+05:30,166,T05,Kondhwa
8512567468,9429671756,2026-08-23T09:23:40+05:30,464,T01,Kothrud
6278681447,7729806990,2026-08-23T09:28:23+05:30,944,T08,Swargate
9556464170,9190659401,2026-08-23T09:32:00+05:30,1196,T05,Kondhwa
8134352408,8658404499,2026-08-23T09:35:10+05:30,1303,T08,Swargate
8925556258,8900109439,2026-08-23T10:05:45+05:30,87,T07,Hinjewadi
9169284511,9652775841,2026-08-23T10:29:43+05:30,313,T04,Warje
9769453147,9801824225,2026-08-23T11:18:13+05:30,853,T02,Shivajinagar
7584143842,6469632595,2026-08-23T13:07:54+05:30,1189,T09,Camp
7782639821,9278755886,2026-08-23T13:10:41+05:30,306,T06,Yerwada
7242102499,6627204653,2026-08-23T13:36:03+05:30,1074,T03,Hadapsar
6627204653,7799650752,2026-08-23T13:47:08+05:30,1016,T03,Hadapsar
9801824225,6586518506,2026-08-23T13:56:44+05:30,145,T09,Camp
9974801624,6537147321,2026-08-23T14:56:38+05:30,282,T08,Swargate
8717464887,8713493618,2026-08-23T16:20:38+05:30,308,T04,Warje
8447962757,7327193745,2026-08-23T16:21:11+05:30,1305,T05,Kondhwa
9127484677,6671902294,2026-08-23T16:22:08+05:30,540,T05,Kondhwa
7029702135,8895782911,2026-08-23T16:59:57+05:30,1613,T02,Shivajinagar
7327193745,7583132370,2026-08-23T18:00:46+05:30,1356,T07,Hinjewadi
7482477109,7136783777,2026-08-23T18:09:43+05:30,1501,T06,Yerwada
6278681447,9631931491,2026-08-23T19:05:19+05:30,1318,T09,Camp
6671902294,8650609835,2026-08-23T19:17:14+05:30,853,T10,Baner
7799650752,9801824225,2026-08-23T19:29:48+05:30,714,T04,Warje
7482477109,8925556258,2026-08-23T19:34:07+05:30,700,T06,Yerwada
6778528922,7799650752,2026-08-23T19:41:07+05:30,1458,T07,Hinjewadi
6531003309,6278681447,2026-08-23T19:49:41+05:30,1430,T05,Kondhwa
9127484677,7278774701,2026-08-23T20:27:21+05:30,549,T02,Shivajinagar
9127484677,6671902294,2026-08-23T20:32:15+05:30,145,T02,Shivajinagar
8895782911,7991241904,2026-08-23T21:18:32+05:30,459,T09,Camp
7947312172,6278681447,2026-08-23T21:57:06+05:30,285,T08,Swargate
8650609835,6671902294,2026-08-23T22:19:28+05:30,676,T01,Kothrud
6469632595,8685574443,2026-08-23T22:20:46+05:30,860,T09,Camp
9974801624,9800025787,2026-08-23T22:23:15+05:30,725,T08,Swargate
8168784991,7584143842,2026-08-23T22:27:16+05:30,825,T01,Kothrud
8650609835,9127484677,2026-08-24T04:38:04+05:30,562,T07,Hinjewadi
9429671756,7991241904,2026-08-24T04:41:01+05:30,873,T03,Hadapsar
8690927557,8895782911,2026-08-24T05:29:18+05:30,888,T09,Camp
9556464170,8690927557,2026-08-24T06:24:20+05:30,961,T08,Swargate
9603859770,9800025787,2026-08-24T06:27:53+05:30,116,T10,Baner
8981829922,7482477109,2026-08-24T08:05:35+05:30,1244,T09,Camp
7029702135,9429671756,2026-08-24T08:24:58+05:30,365,T05,Kondhwa
8685574443,8650609835,2026-08-24T08:57:55+05:30,586,T07,Hinjewadi
6531003309,7947312172,2026-08-24T09:21:30+05:30,310,T01,Kothrud
6928565431,8717464887,2026-08-24T09:49:05+05:30,1181,T01,Kothrud
7991241904,6596401658,2026-08-24T09:59:15+05:30,257,T08,Swargate
7278774701,9354549480,2026-08-24T10:26:41+05:30,398,T02,Shivajinagar
9769453147,6278681447,2026-08-24T11:04:57+05:30,977,T03,Hadapsar
6537147321,9873395004,2026-08-24T11:06:21+05:30,991,T03,Hadapsar
8713493618,6586518506,2026-08-24T11:10:29+05:30,553,T04,Warje
6596401658,6531003309,2026-08-24T13:00:04+05:30,680,T05,Kondhwa
7400842710,9354549480,2026-08-24T13:18:46+05:30,1786,T09,Camp
7242102499,8717464887,2026-08-24T13:19:07+05:30,1061,T10,Baner
7584143842,8925556258,2026-08-24T13:38:30+05:30,305,T03,Hadapsar
7734670656,8512567468,2026-08-24T14:29:33+05:30,996,T06,Yerwada
7991241904,9769453147,2026-08-24T14:56:23+05:30,565,T05,Kondhwa
7165585239,9974801624,2026-08-24T14:58:13+05:30,239,T06,Yerwada
9429671756,7729806990,2026-08-24T14:58:31+05:30,987,T09,Camp
7729806990,9165726284,2026-08-24T15:03:45+05:30,289,T02,Shivajinagar
6671902294,6537147321,2026-08-24T15:51:46+05:30,1451,T08,Swargate
7947312172,9774964990,2026-08-24T16:24:58+05:30,621,T09,Camp
9907844736,7136783777,2026-08-24T16:34:22+05:30,74,T02,Shivajinagar
7248086131,7165585239,2026-08-24T17:02:51+05:30,391,T01,Kothrud
8512567468,8678669125,2026-08-24T17:08:12+05:30,761,T02,Shivajinagar
8900109439,9800025787,2026-08-24T19:00:09+05:30,176,T01,Kothrud
9127484677,8168784991,2026-08-24T20:14:22+05:30,669,T06,Yerwada
9165726284,6334123281,2026-08-24T20:28:54+05:30,145,T06,Yerwada
9662702895,7248086131,2026-08-24T20:55:03+05:30,1617,T10,Baner
8895782911,9155188442,2026-08-24T21:04:07+05:30,827,T07,Hinjewadi
8895782911,6278681447,2026-08-24T21:42:46+05:30,1527,T03,Hadapsar
8168784991,7482477109,2026-08-24T21:45:02+05:30,88,T02,Shivajinagar
9774964990,9429671756,2026-08-24T22:45:08+05:30,1714,T06,Yerwada
6715451680,8925556258,2026-08-24T22:52:40+05:30,429,T07,Hinjewadi
9169284511,8447962757,2026-08-24T23:15:27+05:30,425,T09,Camp
6537147321,7400842710,2026-08-24T23:56:20+05:30,1331,T06,Yerwada
6537147321,8658404499,2026-08-24T23:58:16+05:30,486,T06,Yerwada
7482477109,9907844736,2026-08-25T07:04:20+05:30,787,T02,Shivajinagar
6531003309,8713493618,2026-08-25T07:25:27+05:30,1788,T06,Yerwada
6537147321,7136783777,2026-08-25T07:45:12+05:30,589,T04,Warje
6627204653,9190659401,2026-08-25T08:57:47+05:30,444,T05,Kondhwa
6537147321,8134352408,2026-08-25T10:27:48+05:30,688,T06,Yerwada
8717464887,7029702135,2026-08-25T11:40:18+05:30,935,T06,Yerwada
7278774701,9800025787,2026-08-25T11:46:55+05:30,1311,T05,Kondhwa
9774964990,9190659401,2026-08-25T12:05:24+05:30,705,T03,Hadapsar
7482477109,7165585239,2026-08-25T13:22:01+05:30,1356,T01,Kothrud
9662702895,7400842710,2026-08-25T13:38:04+05:30,925,T07,Hinjewadi
9907844736,6537147321,2026-08-25T13:49:11+05:30,85,T02,Shivajinagar
7242102499,7029702135,2026-08-25T14:06:42+05:30,96,T03,Hadapsar
8900109439,8134352408,2026-08-25T14:14:13+05:30,1545,T10,Baner
8685574443,9127484677,2026-08-25T15:14:15+05:30,983,T02,Shivajinagar
9652775841,9190659401,2026-08-25T16:11:43+05:30,1017,T02,Shivajinagar
9169284511,7729806990,2026-08-25T16:43:59+05:30,1057,T09,Camp
7482477109,6143634957,2026-08-25T17:32:50+05:30,979,T02,Shivajinagar
8685574443,8650609835,2026-08-25T18:49:35+05:30,1465,T08,Swargate
7734670656,9769453147,2026-08-25T19:18:40+05:30,1108,T10,Baner
9155188442,6278681447,2026-08-25T19:23:19+05:30,340,T04,Warje
8717464887,8895782911,2026-08-25T20:28:11+05:30,1209,T10,Baner
6596401658,9774964990,2026-08-25T22:46:40+05:30,1520,T01,Kothrud
8690927557,8895782911,2026-08-25T23:34:43+05:30,213,T06,Yerwada
7482477109,9662702895,2026-08-25T23:39:27+05:30,1447,T07,Hinjewadi
8777520471,6469632595,2026-08-25T23:51:51+05:30,812,T04,Warje
9907844736,8134352408,2026-08-26T02:21:38+05:30,89,T02,Shivajinagar
9165726284,7029702135,2026-08-26T02:56:37+05:30,451,T05,Kondhwa
8717464887,8512567468,2026-08-26T04:02:36+05:30,1354,T10,Baner
8713493618,9155188442,2026-08-26T04:08:54+05:30,1056,T06,Yerwada
9429671756,6586518506,2026-08-26T04:12:34+05:30,1192,T04,Warje
6334123281,6627204653,2026-08-26T04:31:08+05:30,1595,T06,Yerwada
8650609835,7584143842,2026-08-26T05:04:13+05:30,241,T04,Warje
7947312172,7734670656,2026-08-26T05:43:21+05:30,1057,T03,Hadapsar
6778528922,9429671756,2026-08-26T06:18:18+05:30,1596,T04,Warje
8134352408,7482477109,2026-08-26T06:46:05+05:30,383,T03,Hadapsar
6537147321,8685574443,2026-08-26T07:03:50+05:30,974,T10,Baner
7136783777,6351823374,2026-08-26T08:39:26+05:30,851,T04,Warje
9354549480,9873395004,2026-08-26T08:54:53+05:30,1774,T10,Baner
6537147321,7400842710,2026-08-26T09:30:25+05:30,754,T02,Shivajinagar
6537147321,6143634957,2026-08-26T10:13:56+05:30,1777,T08,Swargate
9631931491,6334123281,2026-08-26T10:40:02+05:30,244,T07,Hinjewadi
8447962757,7947312172,2026-08-26T11:26:57+05:30,103,T06,Yerwada
9429671756,9652775841,2026-08-26T11:50:23+05:30,275,T05,Kondhwa
6469632595,9800025787,2026-08-26T12:00:42+05:30,1710,T03,Hadapsar
6351823374,8650609835,2026-08-26T12:07:47+05:30,1706,T07,Hinjewadi
7990490278,6596401658,2026-08-26T12:12:56+05:30,1324,T02,Shivajinagar
7165585239,8900109439,2026-08-26T12:14:21+05:30,1304,T09,Camp
8685574443,8777520471,2026-08-26T13:41:00+05:30,805,T03,Hadapsar
6596401658,6334123281,2026-08-26T16:50:30+05:30,331,T10,Baner
9801824225,6627204653,2026-08-26T17:19:09+05:30,739,T01,Kothrud
9652775841,6278681447,2026-08-26T17:58:05+05:30,1235,T02,Shivajinagar
6671902294,7165585239,2026-08-26T19:08:36+05:30,1499,T04,Warje
9429671756,7799650752,2026-08-26T20:13:09+05:30,1136,T04,Warje
7165585239,9533963605,2026-08-26T20:53:11+05:30,1264,T10,Baner
7482477109,9127484677,2026-08-26T21:06:47+05:30,915,T04,Warje
6627204653,6778528922,2026-08-26T21:08:17+05:30,1349,T08,Swargate
6596401658,6928565431,2026-08-26T21:12:38+05:30,1624,T10,Baner
7799650752,9155188442,2026-08-26T21:37:05+05:30,469,T09,Camp
7947312172,7991241904,2026-08-26T21:51:24+05:30,127,T06,Yerwada
8650609835,6469632595,2026-08-26T21:51:31+05:30,1745,T05,Kondhwa
7067974034,7029702135,2026-08-26T21:58:16+05:30,103,T10,Baner
7327193745,8713493618,2026-08-26T22:33:17+05:30,569,T09,Camp
7947312172,9429671756,2026-08-26T22:54:28+05:30,384,T05,Kondhwa
9769453147,7991241904,2026-08-27T01:05:04+05:30,145,T07,Hinjewadi
9873395004,6351823374,2026-08-27T05:00:04+05:30,896,T07,Hinjewadi
9662702895,9533963605,2026-08-27T05:09:36+05:30,661,T03,Hadapsar
8900109439,8777520471,2026-08-27T05:33:30+05:30,1398,T03,Hadapsar
8447962757,9169284511,2026-08-27T06:01:10+05:30,525,T09,Camp
7990490278,8678669125,2026-08-27T06:06:18+05:30,538,T01,Kothrud
7482477109,8981829922,2026-08-27T07:05:35+05:30,218,T08,Swargate
8685574443,8658404499,2026-08-27T07:15:07+05:30,776,T05,Kondhwa
7782639821,9278755886,2026-08-27T07:21:06+05:30,1104,T03,Hadapsar
7327193745,7799650752,2026-08-27T08:39:28+05:30,1515,T10,Baner
9907844736,9974801624,2026-08-27T08:50:08+05:30,1108,T08,Swargate
6278681447,7734670656,2026-08-27T09:05:14+05:30,170,T02,Shivajinagar
9800025787,7136783777,2026-08-27T09:42:20+05:30,1339,T01,Kothrud
8168784991,9278755886,2026-08-27T09:56:43+05:30,884,T07,Hinjewadi
9278755886,7482477109,2026-08-27T10:46:27+05:30,1338,T09,Camp
7990490278,7947312172,2026-08-27T12:52:11+05:30,671,T03,Hadapsar
6928565431,8678669125,2026-08-27T13:38:01+05:30,929,T07,Hinjewadi
8925556258,7278774701,2026-08-27T14:12:54+05:30,1258,T01,Kothrud
9801824225,7029702135,2026-08-27T14:20:58+05:30,1758,T10,Baner
6469632595,7248086131,2026-08-27T14:21:36+05:30,1605,T04,Warje
7136783777,6143634957,2026-08-27T14:53:43+05:30,1175,T03,Hadapsar
9603859770,9873395004,2026-08-27T14:56:32+05:30,674,T09,Camp
8447962757,9429671756,2026-08-27T16:27:29+05:30,595,T03,Hadapsar
8134352408,6469632595,2026-08-27T16:43:17+05:30,1117,T06,Yerwada
7242102499,9155188442,2026-08-27T16:56:17+05:30,1118,T05,Kondhwa
7799650752,9774964990,2026-08-27T17:26:56+05:30,1293,T08,Swargate
9429671756,7990490278,2026-08-27T17:29:29+05:30,1385,T06,Yerwada
9127484677,9907844736,2026-08-27T20:15:58+05:30,339,T03,Hadapsar
9974801624,8658404499,2026-08-27T20:29:42+05:30,948,T10,Baner
8900109439,8685574443,2026-08-27T20:51:51+05:30,1050,T10,Baner
6671902294,9662702895,2026-08-27T21:39:30+05:30,11,T01,Kothrud
6671902294,8777520471,2026-08-27T23:30:12+05:30,730,T06,Yerwada
9631931491,9652775841,2026-08-27T23:37:46+05:30,509,T10,Baner
8710276773,6143634957,2026-08-27T23:39:19+05:30,24,T04,Warje
7327193745,7947312172,2026-08-27T23:46:36+05:30,1704,T09,Camp
6715451680,7400842710,2026-08-27T23:53:57+05:30,89,T10,Baner
8925556258,6469632595,2026-08-28T01:18:12+05:30,1077,T03,Hadapsar
6143634957,9873395004,2026-08-28T02:08:57+05:30,1490,T08,Swargate
8710276773,7136783777,2026-08-28T04:23:46+05:30,690,T10,Baner
6278681447,8447962757,2026-08-28T04:27:16+05:30,1086,T09,Camp
6596401658,7734670656,2026-08-28T04:31:08+05:30,1448,T07,Hinjewadi
6278681447,7067974034,2026-08-28T04:32:09+05:30,1103,T01,Kothrud
7583132370,7947312172,2026-08-28T04:44:03+05:30,1097,T02,Shivajinagar
9190659401,9774964990,2026-08-28T04:47:33+05:30,972,T02,Shivajinagar
6928565431,6531003309,2026-08-28T05:59:12+05:30,1754,T09,Camp
8717464887,8678669125,2026-08-28T06:07:30+05:30,1020,T04,Warje
6715451680,8658404499,2026-08-28T06:29:17+05:30,1179,T10,Baner
7242102499,7947312172,2026-08-28T06:39:09+05:30,1235,T05,Kondhwa
8690927557,9774964990,2026-08-28T08:04:20+05:30,335,T05,Kondhwa
8168784991,6469632595,2026-08-28T09:17:23+05:30,456,T02,Shivajinagar
7278774701,7482477109,2026-08-28T09:30:08+05:30,583,T05,Kondhwa
9533963605,6715451680,2026-08-28T10:05:32+05:30,1273,T02,Shivajinagar
8685574443,9662702895,2026-08-28T10:34:01+05:30,1576,T04,Warje
8134352408,9354549480,2026-08-28T12:43:51+05:30,368,T07,Hinjewadi
7782639821,8981829922,2026-08-28T14:05:46+05:30,1701,T05,Kondhwa
8710276773,9873395004,2026-08-28T15:24:28+05:30,682,T08,Swargate
8713493618,9801824225,2026-08-28T15:41:04+05:30,193,T03,Hadapsar
6671902294,9974801624,2026-08-28T15:50:40+05:30,852,T04,Warje
9907844736,9603859770,2026-08-28T16:00:49+05:30,966,T02,Shivajinagar
6531003309,8690927557,2026-08-28T16:25:44+05:30,1493,T02,Shivajinagar
7067974034,8713493618,2026-08-28T17:44:51+05:30,1052,T10,Baner
9774964990,8717464887,2026-08-28T17:58:26+05:30,1503,T10,Baner
8777520471,9907844736,2026-08-28T18:50:33+05:30,1690,T07,Hinjewadi
9800025787,8777520471,2026-08-28T19:07:45+05:30,1415,T01,Kothrud
9190659401,6278681447,2026-08-28T19:56:49+05:30,314,T05,Kondhwa
8168784991,7482477109,2026-08-28T20:27:02+05:30,824,T05,Kondhwa
9169284511,6778528922,2026-08-28T21:47:05+05:30,661,T05,Kondhwa
7991241904,9429671756,2026-08-28T21:50:42+05:30,840,T03,Hadapsar
9556464170,9769453147,2026-08-28T22:18:44+05:30,1653,T08,Swargate
9165726284,9801824225,2026-08-28T23:37:06+05:30,1527,T04,Warje
6778528922,9155188442,2026-08-29T01:56:25+05:30,440,T10,Baner
7067974034,9429671756,2026-08-29T04:45:26+05:30,856,T08,Swargate
9801824225,7799650752,2026-08-29T04:56:21+05:30,382,T06,Yerwada
7136783777,9603859770,2026-08-29T05:27:37+05:30,1645,T06,Yerwada
6318699938,9354549480,2026-08-29T05:46:47+05:30,480,T01,Kothrud
8777520471,8710276773,2026-08-29T06:27:39+05:30,1248,T01,Kothrud
6715451680,7248086131,2026-08-29T06:42:01+05:30,458,T05,Kondhwa
8895782911,9801824225,2026-08-29T06:43:05+05:30,1583,T04,Warje
8678669125,7734670656,2026-08-29T07:16:07+05:30,1735,T10,Baner
8925556258,9533963605,2026-08-29T08:04:34+05:30,953,T10,Baner
6537147321,6469632595,2026-08-29T08:05:28+05:30,761,T08,Swargate
9155188442,8895782911,2026-08-29T09:10:43+05:30,256,T03,Hadapsar
9873395004,9278755886,2026-08-29T09:21:21+05:30,389,T04,Warje
7278774701,7165585239,2026-08-29T10:13:36+05:30,364,T05,Kondhwa
9907844736,6469632595,2026-08-29T10:49:15+05:30,1160,T01,Kothrud
7165585239,8134352408,2026-08-29T11:08:53+05:30,252,T02,Shivajinagar
8658404499,8685574443,2026-08-29T12:42:03+05:30,51,T06,Yerwada
9774964990,6778528922,2026-08-29T15:11:57+05:30,325,T07,Hinjewadi
7400842710,6143634957,2026-08-29T15:26:30+05:30,847,T08,Swargate
9429671756,6596401658,2026-08-29T16:03:13+05:30,234,T03,Hadapsar
7799650752,7991241904,2026-08-29T16:33:33+05:30,418,T07,Hinjewadi
9652775841,6778528922,2026-08-29T17:11:04+05:30,360,T10,Baner
9155188442,8717464887,2026-08-29T17:17:19+05:30,549,T05,Kondhwa
7729806990,8512567468,2026-08-29T17:18:57+05:30,1503,T01,Kothrud
8658404499,8685574443,2026-08-29T17:32:19+05:30,938,T02,Shivajinagar
8650609835,6537147321,2026-08-29T17:54:03+05:30,85,T09,Camp
6671902294,8134352408,2026-08-29T18:01:50+05:30,943,T02,Shivajinagar
9769453147,9631931491,2026-08-29T18:02:49+05:30,965,T07,Hinjewadi
7584143842,8134352408,2026-08-29T18:20:46+05:30,819,T07,Hinjewadi
6596401658,9769453147,2026-08-29T18:29:17+05:30,1726,T05,Kondhwa
9800025787,8710276773,2026-08-29T19:55:41+05:30,1793,T03,Hadapsar
8678669125,6586518506,2026-08-29T20:52:55+05:30,1106,T08,Swargate
6351823374,8650609835,2026-08-29T21:14:04+05:30,193,T06,Yerwada
9774964990,8678669125,2026-08-29T22:32:34+05:30,706,T02,Shivajinagar
6143634957,6351823374,2026-08-29T23:23:55+05:30,1027,T09,Camp
7734670656,9556464170,2026-08-30T01:47:42+05:30,1114,T03,Hadapsar
6537147321,7584143842,2026-08-30T01:48:09+05:30,230,T09,Camp
6537147321,6143634957,2026-08-30T04:01:31+05:30,905,T06,Yerwada
7029702135,7947312172,2026-08-30T04:03:08+05:30,1308,T07,Hinjewadi
7248086131,9603859770,2026-08-30T04:48:56+05:30,851,T09,Camp
6715451680,8900109439,2026-08-30T06:41:58+05:30,328,T03,Hadapsar
7734670656,9190659401,2026-08-30T08:05:50+05:30,342,T05,Kondhwa
8710276773,7482477109,2026-08-30T09:04:01+05:30,1621,T04,Warje
9556464170,8447962757,2026-08-30T11:18:31+05:30,498,T06,Yerwada
8685574443,9873395004,2026-08-30T12:05:40+05:30,815,T01,Kothrud
9354549480,6351823374,2026-08-30T12:39:43+05:30,941,T08,Swargate
8717464887,7799650752,2026-08-30T13:20:21+05:30,1377,T01,Kothrud
6537147321,9603859770,2026-08-30T14:06:47+05:30,1667,T09,Camp
7400842710,8925556258,2026-08-30T15:01:14+05:30,1566,T10,Baner
8900109439,7278774701,2026-08-30T16:01:10+05:30,347,T06,Yerwada
6715451680,9533963605,2026-08-30T16:05:46+05:30,23,T05,Kondhwa
7991241904,9774964990,2026-08-30T17:25:17+05:30,1182,T03,Hadapsar
6531003309,9429671756,2026-08-30T17:34:48+05:30,96,T04,Warje
7278774701,8650609835,2026-08-30T17:44:24+05:30,387,T03,Hadapsar
8925556258,9907844736,2026-08-30T18:24:39+05:30,1644,T10,Baner
9631931491,7729806990,2026-08-30T19:49:04+05:30,39,T03,Hadapsar
9603859770,6469632595,2026-08-30T20:43:03+05:30,1529,T03,Hadapsar
6596401658,6778528922,2026-08-30T20:46:44+05:30,1171,T07,Hinjewadi
8710276773,9533963605,2026-08-30T20:54:56+05:30,953,T07,Hinjewadi
7067974034,9801824225,2026-08-30T21:03:02+05:30,1731,T06,Yerwada
8134352408,8900109439,2026-08-30T22:12:16+05:30,142,T10,Baner
8925556258,8658404499,2026-08-30T23:00:16+05:30,62,T07,Hinjewadi
9800025787,7278774701,2026-08-31T01:31:55+05:30,215,T03,Hadapsar
7584143842,9800025787,2026-08-31T04:33:58+05:30,947,T01,Kothrud
8690927557,6596401658,2026-08-31T05:36:03+05:30,1284,T07,Hinjewadi
7482477109,7400842710,2026-08-31T05:36:40+05:30,1792,T04,Warje
7165585239,7278774701,2026-08-31T05:57:30+05:30,333,T09,Camp
7734670656,8717464887,2026-08-31T05:58:14+05:30,887,T04,Warje
7584143842,9873395004,2026-08-31T06:18:25+05:30,383,T09,Camp
7400842710,8777520471,2026-08-31T06:19:23+05:30,1620,T03,Hadapsar
6596401658,6586518506,2026-08-31T06:30:58+05:30,1478,T02,Shivajinagar
6778528922,8717464887,2026-08-31T06:58:16+05:30,1333,T10,Baner
7029702135,9429671756,2026-08-31T07:02:04+05:30,424,T01,Kothrud
9429671756,8447962757,2026-08-31T07:58:51+05:30,535,T07,Hinjewadi
9354549480,8900109439,2026-08-31T08:31:13+05:30,324,T01,Kothrud
9155188442,8690927557,2026-08-31T08:45:44+05:30,450,T07,Hinjewadi
7482477109,7248086131,2026-08-31T09:10:35+05:30,53,T05,Kondhwa
8690927557,7799650752,2026-08-31T09:26:23+05:30,204,T04,Warje
9533963605,6143634957,2026-08-31T10:55:43+05:30,1041,T10,Baner
6469632595,8900109439,2026-08-31T11:44:59+05:30,867,T07,Hinjewadi
7482477109,6537147321,2026-08-31T12:06:03+05:30,874,T09,Camp
9190659401,6627204653,2026-08-31T12:07:34+05:30,563,T03,Hadapsar
7242102499,6627204653,2026-08-31T13:00:26+05:30,550,T02,Shivajinagar
7799650752,9801824225,2026-08-31T15:28:47+05:30,1618,T08,Swargate
7991241904,6278681447,2026-08-31T16:37:47+05:30,1240,T02,Shivajinagar
7799650752,9165726284,2026-08-31T16:49:00+05:30,521,T05,Kondhwa
7136783777,6671902294,2026-08-31T18:34:49+05:30,1718,T02,Shivajinagar
8134352408,8900109439,2026-08-31T19:41:16+05:30,213,T01,Kothrud
9652775841,8690927557,2026-08-31T19:48:06+05:30,1513,T02,Shivajinagar
7400842710,7782639821,2026-08-31T20:22:43+05:30,1156,T02,Shivajinagar
6928565431,7729806990,2026-08-31T22:44:50+05:30,705,T06,Yerwada
9652775841,7729806990,2026-08-31T23:43:28+05:30,981,T03,Hadapsar
7947312172,9652775841,2026-08-31T23:46:43+05:30,20,T01,Kothrud
